pH,Total Charge,Electrostatic Energy,Relative Folding Energy,NTR_MODEL,A:ARG43P_NTR,ASP_MODEL,A:ASP4,A:ASP32,A:ASP62,A:ASP83,A:ASP106,A:ASP130,A:ASP131,A:ASP138,A:ASP180,A:ASP212,A:ASP216,A:ASP223,A:ASP228,A:ASP259,A:ASP311,A:ASP317,A:ASP318,A:ASP346,A:ASP363,A:ASP378,A:ASP381,GLU_MODEL,A:GLU1,A:GLU17,A:GLU79,A:GLU104,A:GLU116,A:GLU125,A:GLU134,A:GLU165,A:GLU196,A:GLU200,A:GLU207,A:GLU219,A:GLU242,A:GLU255,A:GLU265,A:GLU290,A:GLU310,A:GLU339,A:GLU364,A:GLU371,A:GLU380,TYR_MODEL,A:TYR14,A:TYR15,A:TYR51,A:TYR52,A:TYR60,A:TYR68,A:TYR71,A:TYR123,A:TYR184,A:TYR190,A:TYR198,A:TYR199,A:TYR220,A:TYR222,A:TYR286,A:TYR305,A:TYR320,A:TYR342,A:TYR384,HIS_MODEL,A:HIS45,A:HIS49,A:HIS89,A:HIS145,A:HIS181,A:HIS360,A:HIS362,LYS_MODEL,A:LYS9,A:LYS65,A:LYS107,A:LYS142,A:LYS214,A:LYS218,A:LYS224,A:LYS238,A:LYS239,A:LYS246,A:LYS249,A:LYS256,A:LYS321,A:LYS350,ARG_MODEL,A:ARG43P,A:ARG44P,A:ARG7,A:ARG50,A:ARG54,A:ARG61,A:ARG64,A:ARG96,A:ARG128,A:ARG194,A:ARG195,A:ARG205,A:ARG235,A:ARG297,A:ARG307,A:ARG347,A:ARG349,A:ARG351,A:ARG366,CTR_MODEL,A:ASN385_CTR
 0.00,   40.98,-9144.91, -208.65,1.000,1.000,1.000,1.000,1.000,0.999,1.000,0.999,0.999,0.999,0.999,1.000,0.997,0.999,0.999,1.000,0.999,1.000,1.000,1.000,1.000,0.999,0.999,0.999,1.000,1.000,1.000,1.000,1.000,1.000,1.000,1.000,1.000,1.000,1.000,1.000,1.000,0.999,1.000,1.000,1.000,1.000,1.000,1.000,1.000,1.000,1.000,1.000,1.000,1.000,1.000,1.000,1.000,1.000,1.000,1.000,1.000,1.000,1.000,1.000,1.000,1.000,1.000,1.000,1.000,1.000,1.000,1.000,1.000,1.000,1.000,1.000,1.000,1.000,1.000,1.000,1.000,1.000,1.000,1.000,1.000,1.000,1.000,1.000,1.000,1.000,1.000,1.000,1.000,1.000,1.000,1.000,1.000,1.000,1.000,1.000,1.000,1.000,1.000,1.000,1.000,1.000,1.000,1.000,1.000,1.000,1.000,1.000,1.000,1.000,0.999
 0.20,   40.97,-9116.66, -208.66,1.000,1.000,1.000,1.000,1.000,0.999,1.000,0.999,0.999,0.999,0.999,1.000,0.995,0.998,0.999,1.000,0.998,0.999,1.000,1.000,1.000,0.999,0.999,0.999,1.000,1.000,0.999,0.999,1.000,1.000,1.000,1.000,1.000,0.999,1.000,1.000,1.000,0.999,1.000,1.000,1.000,1.000,1.000,1.000,1.000,1.000,1.000,1.000,1.000,1.000,1.000,1.000,1.000,1.000,1.000,1.000,1.000,1.000,1.000,1.000,1.000,1.000,1.000,1.000,1.000,1.000,1.000,1.000,1.000,1.000,1.000,1.000,1.000,1.000,1.000,1.000,1.000,1.000,1.000,1.000,1.000,1.000,1.000,1.000,1.000,1.000,1.000,1.000,1.000,1.000,1.000,1.000,1.000,1.000,1.000,1.000,1.000,1.000,1.000,1.000,1.000,1.000,1.000,1.000,1.000,1.000,1.000,1.000,1.000,1.000,0.998
 0.40,   40.96,-9088.41, -208.66,1.000,1.000,0.999,1.000,1.000,0.998,1.000,0.999,0.998,0.998,0.998,0.999,0.992,0.997,0.999,1.000,0.997,0.999,1.000,1.000,1.000,0.998,0.998,0.998,1.000,1.000,0.999,0.999,1.000,1.000,1.000,0.999,1.000,0.999,1.000,1.000,1.000,0.998,1.000,1.000,1.000,1.000,1.000,1.000,1.000,1.000,1.000,1.000,1.000,1.000,1.000,1.000,1.000,1.000,1.000,1.000,1.000,1.000,1.000,1.000,1.000,1.000,1.000,1.000,1.000,1.000,1.000,1.000,1.000,1.000,1.000,1.000,1.000,1.000,1.000,1.000,1.000,1.000,1.000,1.000,1.000,1.000,1.000,1.000,1.000,1.000,1.000,1.000,1.000,1.000,1.000,1.000,1.000,1.000,1.000,1.000,1.000,1.000,1.000,1.000,1.000,1.000,1.000,1.000,1.000,1.000,1.000,1.000,1.000,0.999,0.998
 0.60,   40.93,-9060.17, -208.68,1.000,1.000,0.999,1.000,1.000,0.997,1.000,0.998,0.997,0.997,0.996,0.999,0.988,0.995,0.998,1.000,0.995,0.999,0.999,1.000,1.000,0.996,0.997,0.996,1.000,1.000,0.999,0.999,1.000,1.000,1.000,0.999,1.000,0.999,1.000,1.000,0.999,0.998,1.000,1.000,1.000,1.000,1.000,1.000,1.000,0.999,1.000,1.000,1.000,1.000,1.000,1.000,1.000,1.000,1.000,1.000,1.000,1.000,1.000,1.000,1.000,1.000,1.000,1.000,1.000,1.000,1.000,1.000,1.000,1.000,1.000,1.000,1.000,1.000,1.000,1.000,1.000,1.000,1.000,1.000,1.000,1.000,1.000,1.000,1.000,1.000,1.000,1.000,1.000,1.000,1.000,1.000,1.000,1.000,1.000,1.000,1.000,1.000,1.000,1.000,1.000,1.000,1.000,1.000,1.000,1.000,1.000,1.000,1.000,0.999,0.996
 0.80,   40.89,-9031.93, -208.69,1.000,1.000,0.999,0.999,1.000,0.995,1.000,0.997,0.995,0.995,0.994,0.999,0.981,0.993,0.997,1.000,0.992,0.998,0.999,1.000,0.999,0.994,0.996,0.994,1.000,0.999,0.998,0.998,1.000,1.000,0.999,0.999,0.999,0.998,1.000,1.000,0.999,0.996,1.000,0.999,1.000,1.000,1.000,0.999,0.999,0.999,1.000,1.000,1.000,1.000,1.000,1.000,1.000,1.000,1.000,1.000,1.000,1.000,1.000,1.000,1.000,1.000,1.000,1.000,1.000,1.000,1.000,1.000,1.000,1.000,1.000,1.000,1.000,1.000,1.000,1.000,1.000,1.000,1.000,1.000,1.000,1.000,1.000,1.000,1.000,1.000,1.000,1.000,1.000,1.000,1.000,1.000,1.000,1.000,1.000,1.000,1.000,1.000,1.000,1.000,1.000,1.000,1.000,1.000,1.000,1.000,1.000,1.000,1.000,0.999,0.994
 1.00,   40.83,-9003.71, -208.71,1.000,1.000,0.998,0.999,1.000,0.992,1.000,0.995,0.993,0.992,0.991,0.998,0.970,0.989,0.995,1.000,0.987,0.997,0.999,1.000,0.999,0.991,0.994,0.991,0.999,0.999,0.997,0.996,0.999,1.000,0.999,0.998,0.999,0.997,0.999,0.999,0.998,0.994,0.999,0.999,0.999,1.000,1.000,0.999,0.999,0.999,1.000,1.000,1.000,1.000,1.000,1.000,1.000,1.000,1.000,1.000,1.000,1.000,1.000,1.000,1.000,1.000,1.000,1.000,1.000,1.000,1.000,1.000,1.000,1.000,1.000,1.000,1.000,1.000,1.000,1.000,1.000,1.000,1.000,1.000,1.000,1.000,1.000,1.000,1.000,1.000,1.000,1.000,1.000,1.000,1.000,1.000,1.000,1.000,1.000,1.000,1.000,1.000,1.000,1.000,1.000,1.000,1.000,1.000,1.000,1.000,1.000,1.000,1.000,0.998,0.991
 1.20,   40.73,-8975.51, -208.75,1.000,1.000,0.997,0.998,1.000,0.987,0.999,0.992,0.989,0.987,0.986,0.996,0.954,0.982,0.992,1.000,0.980,0.995,0.998,1.000,0.998,0.986,0.990,0.986,0.999,0.999,0.995,0.994,0.999,1.000,0.998,0.997,0.998,0.995,0.999,0.999,0.997,0.990,0.999,0.998,0.999,1.000,1.000,0.998,0.998,0.998,1.000,1.000,1.000,1.000,1.000,1.000,1.000,1.000,1.000,1.000,1.000,1.000,1.000,1.000,1.000,1.000,1.000,1.000,1.000,1.000,1.000,1.000,1.000,1.000,1.000,1.000,1.000,1.000,1.000,1.000,1.000,1.000,1.000,1.000,1.000,1.000,1.000,1.000,1.000,1.000,1.000,1.000,1.000,1.000,1.000,1.000,1.000,1.000,1.000,1.000,1.000,1.000,1.000,1.000,1.000,1.000,1.000,1.000,1.000,1.000,1.000,1.000,1.000,0.997,0.985
 1.40,   40.59,-8947.35, -208.82,1.000,1.000,0.995,0.997,1.000,0.980,0.999,0.987,0.983,0.981,0.978,0.994,0.930,0.973,0.987,1.000,0.968,0.992,0.997,1.000,0.998,0.978,0.985,0.978,0.999,0.998,0.992,0.991,0.998,1.000,0.997,0.995,0.997,0.992,0.998,0.998,0.996,0.985,0.999,0.997,0.998,1.000,1.000,0.998,0.998,0.997,1.000,1.000,1.000,1.000,1.000,1.000,1.000,1.000,1.000,1.000,1.000,1.000,1.000,1.000,1.000,1.000,1.000,1.000,1.000,1.000,1.000,1.000,1.000,1.000,1.000,1.000,1.000,1.000,1.000,1.000,1.000,1.000,1.000,1.000,1.000,1.000,1.000,1.000,1.000,1.000,1.000,1.000,1.000,1.000,1.000,1.000,1.000,1.000,1.000,1.000,1.000,1.000,1.000,1.000,1.000,1.000,1.000,1.000,1.000,1.000,1.000,1.000,1.000,0.995,0.977
 1.60,   40.36,-8919.23, -208.90,1.000,1.000,0.992,0.995,1.000,0.970,0.999,0.980,0.973,0.970,0.966,0.991,0.894,0.959,0.980,1.000,0.951,0.988,0.995,1.000,0.996,0.966,0.977,0.967,0.998,0.997,0.987,0.987,0.997,1.000,0.996,0.992,0.996,0.987,0.997,0.998,0.993,0.977,0.998,0.996,0.997,1.000,1.000,0.996,0.996,0.995,1.000,1.000,1.000,1.000,1.000,1.000,1.000,1.000,1.000,1.000,1.000,1.000,1.000,1.000,1.000,1.000,1.000,1.000,1.000,1.000,1.000,1.000,1.000,1.000,1.000,1.000,1.000,1.000,1.000,1.000,1.000,1.000,1.000,1.000,1.000,1.000,1.000,1.000,1.000,1.000,1.000,1.000,1.000,1.000,1.000,1.000,1.000,1.000,1.000,1.000,1.000,1.000,1.000,1.000,1.000,1.000,1.000,1.000,1.000,1.000,1.000,1.000,1.000,0.992,0.965
 1.80,   40.03,-8891.20, -209.05,1.000,1.000,0.987,0.993,1.000,0.953,0.998,0.969,0.959,0.955,0.948,0.986,0.844,0.939,0.970,1.000,0.925,0.981,0.992,0.999,0.994,0.948,0.965,0.950,0.996,0.995,0.980,0.979,0.996,1.000,0.993,0.988,0.994,0.981,0.996,0.997,0.990,0.964,0.997,0.993,0.996,1.000,1.000,0.994,0.994,0.992,1.000,1.000,1.000,1.000,1.000,1.000,1.000,1.000,1.000,1.000,1.000,1.000,1.000,1.000,1.000,1.000,1.000,1.000,1.000,1.000,1.000,1.000,1.000,1.000,1.000,0.999,1.000,1.000,1.000,1.000,1.000,1.000,1.000,1.000,1.000,1.000,1.000,1.000,1.000,1.000,1.000,1.000,1.000,1.000,1.000,1.000,1.000,1.000,1.000,1.000,1.000,1.000,1.000,1.000,1.000,1.000,1.000,1.000,1.000,1.000,1.000,1.000,1.000,0.987,0.946
 2.00,   39.55,-8863.27, -209.25,1.000,1.000,0.979,0.989,1.000,0.929,0.997,0.953,0.938,0.933,0.922,0.978,0.778,0.910,0.954,1.000,0.888,0.970,0.987,0.999,0.991,0.920,0.948,0.926,0.994,0.992,0.969,0.968,0.993,0.999,0.990,0.982,0.990,0.970,0.994,0.995,0.985,0.946,0.995,0.990,0.994,0.999,1.000,0.991,0.991,0.988,1.000,1.000,1.000,1.000,1.000,1.000,1.000,1.000,1.000,1.000,1.000,1.000,1.000,1.000,1.000,1.000,1.000,1.000,1.000,1.000,1.000,0.999,1.000,1.000,1.000,0.999,1.000,1.000,1.000,1.000,1.000,1.000,1.000,1.000,1.000,1.000,1.000,1.000,1.000,1.000,1.000,1.000,1.000,1.000,1.000,1.000,1.000,1.000,1.000,1.000,1.000,1.000,1.000,1.000,1.000,1.000,1.000,1.000,1.000,1.000,1.000,1.000,1.000,0.979,0.920
 2.20,   38.88,-8835.50, -209.53,1.000,0.999,0.967,0.982,1.000,0.894,0.995,0.928,0.910,0.902,0.886,0.966,0.696,0.872,0.932,1.000,0.835,0.954,0.980,0.998,0.986,0.881,0.926,0.894,0.991,0.987,0.953,0.952,0.990,0.999,0.985,0.974,0.985,0.956,0.991,0.993,0.979,0.919,0.992,0.984,0.990,0.999,1.000,0.986,0.986,0.982,1.000,1.000,1.000,1.000,1.000,1.000,1.000,1.000,1.000,1.000,1.000,1.000,1.000,1.000,1.000,1.000,1.000,1.000,1.000,1.000,1.000,0.999,1.000,1.000,1.000,0.998,1.000,1.000,1.000,1.000,1.000,1.000,1.000,1.000,1.000,1.000,1.000,1.000,1.000,1.000,1.000,1.000,1.000,1.000,1.000,1.000,1.000,1.000,1.000,1.000,1.000,1.000,1.000,1.000,1.000,1.000,1.000,1.000,1.000,1.000,1.000,1.000,1.000,0.967,0.883
 2.40,   37.95,-8807.95, -209.92,1.000,0.999,0.949,0.973,1.000,0.845,0.992,0.892,0.870,0.861,0.837,0.948,0.599,0.821,0.901,1.000,0.766,0.930,0.969,0.997,0.979,0.826,0.894,0.851,0.986,0.980,0.928,0.929,0.984,0.999,0.979,0.963,0.977,0.934,0.987,0.989,0.969,0.882,0.988,0.976,0.985,0.998,0.999,0.979,0.978,0.973,1.000,1.000,1.000,1.000,1.000,1.000,1.000,1.000,1.000,1.000,1.000,1.000,1.000,1.000,1.000,1.000,1.000,1.000,1.000,1.000,1.000,0.998,1.000,1.000,1.000,0.998,1.000,1.000,1.000,1.000,1.000,1.000,1.000,1.000,1.000,1.000,1.000,1.000,1.000,1.000,1.000,1.000,1.000,1.000,1.000,1.000,1.000,1.000,1.000,1.000,1.000,1.000,1.000,1.000,1.000,1.000,1.000,1.000,1.000,1.000,1.000,1.000,1.000,0.949,0.832
 2.60,   36.77,-8780.69, -210.43,1.000,0.998,0.922,0.959,1.000,0.782,0.988,0.842,0.819,0.810,0.777,0.922,0.498,0.760,0.861,1.000,0.681,0.895,0.953,0.996,0.968,0.755,0.854,0.799,0.978,0.969,0.893,0.898,0.976,0.998,0.970,0.948,0.966,0.906,0.981,0.985,0.958,0.833,0.981,0.965,0.978,0.997,0.999,0.969,0.967,0.961,1.000,1.000,1.000,1.000,1.000,1.000,1.000,1.000,1.000,1.000,1.000,1.000,1.000,1.000,1.000,1.000,1.000,1.000,1.000,1.000,1.000,0.998,0.999,1.000,1.000,0.996,1.000,0.999,1.000,1.000,1.000,1.000,1.000,1.000,1.000,1.000,1.000,1.000,1.000,1.000,1.000,1.000,1.000,1.000,1.000,1.000,1.000,1.000,1.000,1.000,1.000,1.000,1.000,1.000,1.000,1.000,1.000,1.000,1.000,1.000,1.000,1.000,1.000,0.922,0.769
 2.80,   35.31,-8753.79, -211.03,1.000,0.997,0.881,0.939,1.000,0.704,0.982,0.776,0.758,0.749,0.706,0.885,0.399,0.689,0.809,1.000,0.583,0.848,0.930,0.994,0.952,0.669,0.805,0.739,0.966,0.954,0.844,0.858,0.964,0.997,0.958,0.930,0.949,0.868,0.973,0.980,0.942,0.771,0.972,0.948,0.967,0.996,0.998,0.954,0.951,0.945,1.000,1.000,1.000,1.000,1.000,1.000,1.000,1.000,1.000,1.000,1.000,1.000,1.000,1.000,1.000,1.000,1.000,1.000,1.000,1.000,1.000,0.996,0.999,1.000,1.000,0.994,1.000,0.999,1.000,1.000,1.000,1.000,1.000,1.000,1.000,1.000,1.000,1.000,1.000,1.000,1.000,1.000,1.000,1.000,1.000,1.000,1.000,1.000,1.000,1.000,1.000,1.000,1.000,1.000,1.000,1.000,1.000,1.000,1.000,1.000,1.000,1.000,1.000,0.881,0.693
 3.00,   33.63,-8727.33, -211.69,1.000,0.996,0.824,0.911,1.000,0.616,0.974,0.695,0.689,0.685,0.632,0.835,0.313,0.616,0.749,1.000,0.481,0.786,0.899,0.991,0.931,0.573,0.751,0.676,0.947,0.932,0.779,0.808,0.948,0.995,0.944,0.909,0.926,0.822,0.964,0.972,0.925,0.697,0.958,0.926,0.952,0.994,0.997,0.935,0.928,0.925,1.000,1.000,1.000,1.000,1.000,1.000,1.000,1.000,1.000,1.000,1.000,1.000,1.000,1.000,1.000,1.000,1.000,1.000,1.000,1.000,1.000,0.995,0.998,0.999,1.000,0.992,0.999,0.999,1.000,1.000,1.000,1.000,1.000,1.000,1.000,1.000,1.000,1.000,1.000,1.000,1.000,1.000,1.000,1.000,1.000,1.000,1.000,1.000,1.000,1.000,1.000,1.000,1.000,1.000,1.000,1.000,1.000,1.000,1.000,1.000,1.000,1.000,1.000,0.824,0.612
 3.20,   31.68,-8701.36, -212.29,1.000,0.994,0.747,0.874,1.000,0.522,0.962,0.600,0.612,0.614,0.553,0.771,0.239,0.536,0.677,1.000,0.383,0.709,0.856,0.988,0.903,0.474,0.687,0.608,0.918,0.901,0.700,0.747,0.925,0.993,0.927,0.883,0.895,0.765,0.952,0.962,0.902,0.612,0.938,0.895,0.931,0.992,0.996,0.909,0.896,0.898,1.000,1.000,1.000,1.000,1.000,1.000,1.000,1.000,1.000,1.000,1.000,1.000,1.000,1.000,1.000,1.000,1.000,1.000,1.000,1.000,1.000,0.992,0.998,0.999,0.999,0.988,0.999,0.999,1.000,1.000,1.000,1.000,1.000,1.000,1.000,1.000,1.000,1.000,1.000,1.000,1.000,1.000,1.000,1.000,1.000,1.000,1.000,1.000,1.000,1.000,1.000,1.000,1.000,1.000,1.000,1.000,1.000,1.000,1.000,1.000,1.000,1.000,1.000,0.747,0.525
 3.40,   29.46,-8675.96, -212.74,1.000,0.991,0.651,0.826,1.000,0.429,0.945,0.499,0.527,0.536,0.472,0.694,0.178,0.453,0.596,1.000,0.294,0.621,0.801,0.983,0.864,0.379,0.611,0.533,0.876,0.860,0.608,0.674,0.894,0.989,0.904,0.848,0.854,0.696,0.936,0.947,0.872,0.518,0.909,0.854,0.903,0.989,0.995,0.874,0.852,0.862,1.000,1.000,1.000,1.000,1.000,1.000,1.000,1.000,1.000,1.000,1.000,1.000,1.000,1.000,1.000,1.000,1.000,1.000,1.000,1.000,0.999,0.989,0.997,0.999,0.999,0.983,0.999,0.998,1.000,1.000,1.000,1.000,1.000,1.000,1.000,1.000,1.000,1.000,1.000,1.000,1.000,1.000,1.000,1.000,1.000,1.000,1.000,1.000,1.000,1.000,1.000,1.000,1.000,1.000,1.000,1.000,1.000,1.000,1.000,1.000,1.000,1.000,1.000,0.651,0.436
 3.60,   27.12,-8651.19, -212.90,1.000,0.987,0.540,0.767,1.000,0.343,0.921,0.399,0.444,0.462,0.399,0.607,0.131,0.377,0.512,0.999,0.220,0.526,0.732,0.978,0.816,0.297,0.533,0.462,0.817,0.807,0.510,0.593,0.853,0.984,0.877,0.807,0.801,0.622,0.916,0.927,0.835,0.425,0.869,0.800,0.866,0.984,0.992,0.827,0.795,0.819,1.000,1.000,1.000,1.000,1.000,1.000,1.000,1.000,1.000,1.000,1.000,1.000,1.000,1.000,1.000,1.000,1.000,1.000,1.000,1.000,0.999,0.984,0.995,0.999,0.999,0.976,0.999,0.997,1.000,1.000,1.000,1.000,1.000,1.000,1.000,1.000,1.000,1.000,1.000,1.000,1.000,1.000,1.000,1.000,1.000,1.000,1.000,1.000,1.000,1.000,1.000,1.000,1.000,1.000,1.000,1.000,1.000,1.000,1.000,1.000,1.000,1.000,1.000,0.540,0.354
 3.80,   24.66,-8627.07, -212.63,1.000,0.981,0.426,0.696,1.000,0.268,0.889,0.309,0.364,0.390,0.335,0.516,0.096,0.307,0.428,0.999,0.161,0.432,0.651,0.970,0.758,0.229,0.454,0.394,0.738,0.740,0.413,0.506,0.800,0.977,0.844,0.758,0.735,0.543,0.892,0.900,0.790,0.337,0.815,0.732,0.820,0.978,0.989,0.768,0.724,0.766,1.000,1.000,1.000,1.000,1.000,1.000,1.000,1.000,1.000,1.000,1.000,1.000,1.000,1.000,1.000,1.000,1.000,1.000,1.000,1.000,0.998,0.976,0.992,0.998,0.998,0.966,0.998,0.997,1.000,1.000,1.000,1.000,1.000,1.000,1.000,1.000,1.000,1.000,1.000,1.000,1.000,1.000,1.000,1.000,1.000,1.000,1.000,1.000,1.000,1.000,1.000,1.000,1.000,1.000,1.000,1.000,1.000,1.000,1.000,1.000,1.000,1.000,1.000,0.426,0.281
 4.00,   22.12,-8603.64, -211.88,1.000,0.973,0.319,0.617,1.000,0.206,0.845,0.232,0.291,0.323,0.279,0.427,0.071,0.247,0.348,0.999,0.116,0.345,0.560,0.961,0.690,0.176,0.376,0.331,0.640,0.661,0.325,0.418,0.732,0.968,0.805,0.698,0.658,0.464,0.862,0.864,0.735,0.259,0.746,0.649,0.764,0.969,0.985,0.695,0.639,0.704,1.000,1.000,1.000,1.000,1.000,1.000,1.000,1.000,1.000,1.000,1.000,1.000,1.000,1.000,1.000,1.000,1.000,1.000,1.000,1.000,0.997,0.967,0.989,0.998,0.997,0.953,0.997,0.996,1.000,1.000,1.000,1.000,1.000,1.000,1.000,1.000,1.000,1.000,1.000,1.000,1.000,1.000,1.000,1.000,1.000,1.000,1.000,1.000,1.000,1.000,1.000,1.000,1.000,1.000,1.000,1.000,1.000,1.000,1.000,1.000,1.000,1.000,1.000,0.319,0.219
 4.20,   19.55,-8580.92, -210.63,1.000,0.962,0.228,0.530,1.000,0.155,0.789,0.170,0.227,0.262,0.232,0.345,0.052,0.196,0.276,0.998,0.083,0.269,0.465,0.949,0.614,0.134,0.304,0.273,0.529,0.572,0.248,0.334,0.651,0.954,0.757,0.629,0.572,0.388,0.824,0.816,0.668,0.194,0.661,0.555,0.698,0.956,0.978,0.609,0.547,0.633,1.000,1.000,1.000,1.000,1.000,1.000,1.000,1.000,1.000,1.000,1.000,1.000,1.000,1.000,1.000,1.000,1.000,1.000,1.000,1.000,0.995,0.953,0.984,0.997,0.995,0.936,0.996,0.994,1.000,1.000,1.000,1.000,1.000,1.000,1.000,1.000,1.000,1.000,1.000,1.000,1.000,1.000,1.000,1.000,1.000,1.000,1.000,1.000,1.000,1.000,1.000,1.000,1.000,1.000,1.000,1.000,1.000,1.000,1.000,1.000,1.000,1.000,1.000,0.228,0.167
 4.40,   16.99,-8558.89, -208.93,1.000,0.948,0.157,0.442,1.000,0.114,0.717,0.122,0.173,0.208,0.193,0.272,0.038,0.154,0.214,0.998,0.058,0.206,0.373,0.932,0.533,0.102,0.240,0.221,0.415,0.477,0.186,0.259,0.559,0.936,0.699,0.551,0.482,0.318,0.779,0.757,0.591,0.142,0.564,0.455,0.624,0.939,0.970,0.515,0.451,0.555,1.000,1.000,1.000,1.000,1.000,1.000,1.000,1.000,1.000,1.000,1.000,1.000,1.000,1.000,1.000,1.000,1.000,1.000,1.000,1.000,0.993,0.934,0.976,0.997,0.993,0.914,0.995,0.993,1.000,1.000,1.000,1.000,1.000,1.000,1.000,1.000,1.000,1.000,1.000,1.000,1.000,1.000,1.000,1.000,1.000,1.000,1.000,1.000,1.000,1.000,1.000,1.000,1.000,1.000,1.000,1.000,1.000,1.000,1.000,1.000,1.000,1.000,1.000,0.157,0.125
 4.60,   14.49,-8537.56, -206.91,1.000,0.928,0.105,0.356,1.000,0.083,0.632,0.087,0.129,0.163,0.159,0.211,0.028,0.120,0.163,0.997,0.040,0.155,0.288,0.910,0.450,0.077,0.184,0.175,0.309,0.383,0.136,0.196,0.462,0.910,0.633,0.468,0.392,0.256,0.725,0.684,0.505,0.102,0.462,0.358,0.543,0.915,0.958,0.420,0.360,0.472,1.000,1.000,1.000,1.000,1.000,1.000,1.000,1.000,1.000,1.000,1.000,1.000,1.000,1.000,1.000,1.000,1.000,1.000,1.000,1.000,0.989,0.908,0.966,0.996,0.990,0.884,0.993,0.990,1.000,1.000,1.000,1.000,1.000,1.000,1.000,1.000,1.000,1.000,1.000,1.000,1.000,1.000,1.000,1.000,1.000,1.000,1.000,1.000,1.000,1.000,1.000,1.000,1.000,1.000,1.000,1.000,1.000,1.000,1.000,1.000,1.000,1.000,1.000,0.105,0.093
 4.80,   12.14,-8516.90, -204.74,0.999,0.903,0.069,0.279,0.999,0.059,0.537,0.061,0.095,0.126,0.131,0.162,0.021,0.092,0.123,0.995,0.028,0.116,0.217,0.880,0.372,0.058,0.139,0.136,0.220,0.297,0.099,0.145,0.367,0.876,0.561,0.387,0.309,0.205,0.663,0.599,0.418,0.072,0.362,0.270,0.462,0.882,0.941,0.329,0.279,0.392,1.000,1.000,1.000,1.000,1.000,1.000,1.000,1.000,1.000,1.000,1.000,1.000,1.000,1.000,1.000,1.000,1.000,1.000,1.000,1.000,0.982,0.874,0.952,0.994,0.985,0.847,0.991,0.987,1.000,1.000,1.000,1.000,1.000,1.000,1.000,1.000,1.000,1.000,1.000,1.000,1.000,1.000,1.000,1.000,1.000,1.000,1.000,1.000,1.000,1.000,1.000,1.000,1.000,1.000,1.000,1.000,1.000,1.000,1.000,1.000,1.000,1.000,1.000,0.069,0.068
 5.00,    9.89,-8496.87, -202.53,0.999,0.869,0.045,0.210,0.999,0.042,0.437,0.043,0.068,0.095,0.105,0.122,0.015,0.069,0.090,0.993,0.019,0.086,0.159,0.839,0.297,0.043,0.102,0.103,0.151,0.221,0.071,0.104,0.281,0.831,0.480,0.307,0.236,0.159,0.589,0.505,0.331,0.050,0.272,0.197,0.378,0.836,0.918,0.248,0.210,0.312,1.000,1.000,1.000,1.000,1.000,1.000,1.000,1.000,1.000,1.000,1.000,1.000,1.000,1.000,1.000,1.000,1.000,1.000,1.000,1.000,0.972,0.827,0.933,0.993,0.977,0.799,0.987,0.983,1.000,1.000,1.000,1.000,1.000,1.000,1.000,1.000,1.000,1.000,1.000,1.000,1.000,1.000,1.000,1.000,1.000,1.000,1.000,1.000,1.000,1.000,1.000,1.000,1.000,1.000,1.000,1.000,1.000,1.000,1.000,1.000,1.000,1.000,1.000,0.045,0.049
 5.20,    7.80,-8477.43, -200.43,0.998,0.827,0.029,0.155,0.999,0.029,0.340,0.029,0.048,0.070,0.082,0.091,0.011,0.051,0.065,0.990,0.013,0.064,0.114,0.784,0.230,0.031,0.073,0.075,0.101,0.160,0.050,0.073,0.208,0.774,0.396,0.235,0.175,0.121,0.507,0.408,0.252,0.034,0.196,0.139,0.299,0.776,0.886,0.180,0.153,0.241,1.000,1.000,1.000,1.000,1.000,1.000,1.000,1.000,1.000,1.000,1.000,1.000,1.000,1.000,1.000,1.000,1.000,1.000,1.000,1.000,0.956,0.767,0.907,0.990,0.966,0.741,0.982,0.977,1.000,1.000,1.000,1.000,1.000,1.000,1.000,1.000,1.000,1.000,1.000,1.000,1.000,1.000,1.000,1.000,1.000,1.000,1.000,1.000,1.000,1.000,1.000,1.000,1.000,1.000,1.000,1.000,1.000,1.000,1.000,1.000,1.000,1.000,1.000,0.029,0.035
 5.40,    5.90,-8458.54, -198.52,0.997,0.776,0.018,0.111,0.998,0.020,0.255,0.020,0.033,0.051,0.062,0.067,0.008,0.037,0.046,0.986,0.008,0.048,0.082,0.714,0.174,0.022,0.051,0.054,0.066,0.113,0.035,0.051,0.151,0.705,0.316,0.175,0.127,0.090,0.421,0.315,0.185,0.023,0.138,0.096,0.229,0.701,0.843,0.127,0.110,0.180,1.000,1.000,1.000,1.000,1.000,1.000,1.000,1.000,1.000,1.000,1.000,1.000,1.000,1.000,1.000,1.000,1.000,1.000,1.000,1.000,0.932,0.694,0.875,0.985,0.950,0.672,0.975,0.969,1.000,1.000,1.000,1.000,1.000,1.000,1.000,1.000,1.000,1.000,1.000,1.000,1.000,1.000,1.000,1.000,1.000,1.000,1.000,1.000,1.000,1.000,1.000,1.000,1.000,1.000,1.000,1.000,1.000,1.000,1.000,1.000,1.000,1.000,1.000,0.018,0.024
 5.60,    4.13,-8440.16, -196.84,0.996,0.710,0.012,0.078,0.997,0.013,0.184,0.014,0.022,0.036,0.046,0.048,0.006,0.026,0.032,0.980,0.005,0.036,0.057,0.629,0.127,0.015,0.035,0.038,0.043,0.078,0.024,0.035,0.106,0.625,0.241,0.125,0.090,0.065,0.335,0.233,0.132,0.015,0.094,0.064,0.169,0.612,0.785,0.088,0.077,0.130,1.000,1.000,1.000,1.000,1.000,1.000,1.000,1.000,1.000,1.000,1.000,1.000,1.000,1.000,1.000,1.000,1.000,1.000,1.000,1.000,0.897,0.606,0.833,0.979,0.925,0.591,0.965,0.956,1.000,1.000,1.000,1.000,1.000,1.000,1.000,1.000,1.000,1.000,1.000,1.000,1.000,1.000,1.000,1.000,1.000,1.000,1.000,1.000,1.000,1.000,1.000,1.000,1.000,1.000,1.000,1.000,1.000,1.000,1.000,1.000,1.000,1.000,1.000,0.012,0.017
 5.80,    2.56,-8422.23, -195.38,0.994,0.639,0.007,0.054,0.996,0.009,0.129,0.009,0.015,0.025,0.033,0.035,0.004,0.018,0.022,0.971,0.004,0.027,0.041,0.534,0.091,0.011,0.024,0.026,0.027,0.053,0.017,0.023,0.074,0.541,0.179,0.088,0.064,0.047,0.257,0.167,0.091,0.010,0.063,0.043,0.121,0.516,0.715,0.060,0.053,0.091,1.000,1.000,1.000,1.000,1.000,1.000,1.000,1.000,1.000,1.000,1.000,1.000,1.000,1.000,1.000,1.000,1.000,1.000,1.000,1.000,0.846,0.512,0.783,0.970,0.889,0.511,0.951,0.938,1.000,1.000,1.000,1.000,1.000,1.000,1.000,1.000,1.000,1.000,1.000,1.000,1.000,1.000,1.000,1.000,1.000,1.000,1.000,1.000,1.000,1.000,1.000,1.000,1.000,1.000,1.000,1.000,1.000,1.000,1.000,1.000,1.000,1.000,1.000,0.007,0.011
 6.00,    1.12,-8404.71, -194.12,0.990,0.560,0.005,0.038,0.994,0.006,0.088,0.006,0.010,0.017,0.023,0.025,0.003,0.012,0.015,0.958,0.002,0.021,0.028,0.436,0.064,0.007,0.016,0.017,0.017,0.036,0.012,0.016,0.051,0.455,0.128,0.061,0.045,0.033,0.189,0.116,0.062,0.007,0.042,0.028,0.085,0.419,0.631,0.040,0.036,0.063,1.000,1.000,1.000,1.000,1.000,1.000,1.000,1.000,1.000,1.000,1.000,1.000,1.000,1.000,1.000,1.000,1.000,1.000,1.000,1.000,0.776,0.416,0.724,0.956,0.839,0.431,0.932,0.914,1.000,1.000,1.000,1.000,1.000,1.000,1.000,1.000,1.000,1.000,1.000,1.000,1.000,1.000,1.000,1.000,1.000,1.000,1.000,1.000,1.000,1.000,1.000,1.000,1.000,1.000,1.000,1.000,1.000,1.000,1.000,1.000,1.000,1.000,1.000,0.005,0.008
 6.20,   -0.18,-8387.58, -193.04,0.984,0.477,0.003,0.026,0.992,0.004,0.060,0.004,0.007,0.011,0.016,0.018,0.002,0.008,0.010,0.940,0.001,0.016,0.020,0.341,0.044,0.005,0.010,0.012,0.011,0.025,0.008,0.010,0.035,0.374,0.090,0.041,0.032,0.022,0.135,0.079,0.041,0.004,0.028,0.019,0.058,0.327,0.538,0.027,0.024,0.042,1.000,1.000,1.000,1.000,1.000,1.000,1.000,1.000,1.000,1.000,1.000,1.000,1.000,1.000,1.000,1.000,1.000,1.000,1.000,1.000,0.686,0.326,0.654,0.936,0.771,0.356,0.907,0.882,1.000,1.000,1.000,1.000,1.000,1.000,1.000,1.000,1.000,1.000,1.000,1.000,1.000,1.000,1.000,1.000,1.000,1.000,1.000,1.000,1.000,1.000,1.000,1.000,1.000,1.000,1.000,1.000,1.000,1.000,1.000,1.000,1.000,1.000,1.000,0.003,0.005
 6.40,   -1.37,-8370.78, -192.06,0.975,0.393,0.002,0.018,0.988,0.002,0.040,0.003,0.004,0.008,0.011,0.013,0.001,0.005,0.007,0.914,0.001,0.012,0.014,0.256,0.030,0.004,0.007,0.008,0.007,0.017,0.006,0.007,0.024,0.300,0.061,0.027,0.023,0.015,0.093,0.053,0.027,0.003,0.018,0.012,0.039,0.246,0.442,0.018,0.016,0.028,1.000,1.000,1.000,1.000,1.000,1.000,1.000,1.000,1.000,1.000,1.000,1.000,1.000,1.000,1.000,1.000,1.000,1.000,1.000,1.000,0.580,0.247,0.573,0.908,0.684,0.287,0.876,0.839,1.000,1.000,1.000,1.000,1.000,1.000,1.000,1.000,1.000,1.000,1.000,1.000,1.000,1.000,1.000,1.000,1.000,1.000,1.000,1.000,1.000,1.000,1.000,1.000,1.000,1.000,1.000,1.000,1.000,1.000,1.000,1.000,1.000,1.000,1.000,0.002,0.003
 6.60,   -2.46,-8354.29, -191.14,0.962,0.312,0.001,0.012,0.983,0.002,0.026,0.002,0.003,0.005,0.007,0.009,0.001,0.003,0.004,0.877,0.001,0.008,0.009,0.186,0.020,0.002,0.004,0.005,0.004,0.011,0.004,0.004,0.016,0.236,0.041,0.018,0.016,0.010,0.063,0.035,0.018,0.002,0.012,0.008,0.026,0.179,0.350,0.012,0.011,0.018,0.999,1.000,1.000,1.000,1.000,1.000,1.000,1.000,1.000,1.000,1.000,1.000,1.000,1.000,1.000,1.000,1.000,1.000,1.000,1.000,0.466,0.181,0.486,0.868,0.582,0.225,0.838,0.786,1.000,1.000,1.000,1.000,1.000,1.000,1.000,1.000,1.000,1.000,1.000,1.000,1.000,1.000,1.000,1.000,1.000,1.000,1.000,1.000,1.000,1.000,1.000,1.000,1.000,1.000,1.000,1.000,1.000,1.000,1.000,1.000,1.000,1.000,1.000,0.001,0.002
 6.80,   -3.45,-8338.09, -190.28,0.941,0.239,0.001,0.008,0.976,0.001,0.017,0.001,0.002,0.003,0.005,0.007,0.001,0.002,0.003,0.827,0.000,0.006,0.006,0.131,0.014,0.002,0.003,0.003,0.003,0.008,0.003,0.003,0.010,0.182,0.027,0.012,0.012,0.007,0.042,0.023,0.011,0.001,0.008,0.005,0.017,0.127,0.269,0.008,0.007,0.012,0.999,1.000,1.000,1.000,1.000,1.000,1.000,1.000,1.000,1.000,1.000,1.000,1.000,1.000,1.000,1.000,1.000,1.000,1.000,1.000,0.355,0.129,0.395,0.813,0.472,0.172,0.793,0.724,1.000,1.000,1.000,1.000,1.000,1.000,1.000,1.000,1.000,1.000,1.000,1.000,1.000,1.000,1.000,1.000,1.000,1.000,1.000,1.000,1.000,1.000,1.000,1.000,1.000,1.000,1.000,1.000,1.000,1.000,1.000,1.000,1.000,1.000,1.000,0.001,0.001
 7.00,   -4.36,-8322.16, -189.47,0.909,0.178,0.000,0.006,0.968,0.001,0.011,0.001,0.001,0.002,0.003,0.005,0.000,0.001,0.002,0.762,0.000,0.004,0.004,0.090,0.009,0.001,0.002,0.002,0.002,0.005,0.002,0.002,0.007,0.137,0.018,0.008,0.008,0.004,0.028,0.015,0.007,0.001,0.005,0.003,0.011,0.088,0.200,0.005,0.005,0.008,0.999,1.000,1.000,1.000,1.000,1.000,1.000,1.000,1.000,1.000,1.000,1.000,1.000,1.000,0.999,1.000,1.000,1.000,1.000,1.000,0.257,0.090,0.308,0.741,0.364,0.128,0.743,0.655,1.000,1.000,1.000,1.000,1.000,1.000,1.000,1.000,1.000,1.000,1.000,1.000,1.000,1.000,1.000,1.000,1.000,1.000,1.000,1.000,1.000,1.000,1.000,1.000,1.000,1.000,1.000,1.000,1.000,1.000,1.000,1.000,1.000,1.000,1.000,0.000,0.001
 7.20,   -5.15,-8306.45, -188.68,0.863,0.129,0.000,0.004,0.957,0.000,0.007,0.001,0.001,0.001,0.002,0.003,0.000,0.001,0.001,0.682,0.000,0.003,0.003,0.061,0.006,0.001,0.001,0.001,0.001,0.004,0.002,0.001,0.005,0.102,0.012,0.005,0.006,0.003,0.018,0.010,0.005,0.000,0.003,0.002,0.007,0.060,0.146,0.003,0.003,0.005,0.998,1.000,1.000,0.999,1.000,1.000,0.999,1.000,1.000,1.000,1.000,1.000,1.000,1.000,0.999,1.000,1.000,1.000,1.000,1.000,0.180,0.062,0.233,0.653,0.268,0.093,0.692,0.586,0.999,0.999,1.000,1.000,1.000,1.000,1.000,1.000,1.000,1.000,1.000,1.000,0.999,0.999,1.000,1.000,1.000,1.000,1.000,1.000,1.000,1.000,1.000,1.000,1.000,1.000,1.000,1.000,1.000,1.000,1.000,1.000,1.000,1.000,1.000,0.000,0.001
 7.40,   -5.87,-8290.95, -187.96,0.799,0.090,0.000,0.003,0.944,0.000,0.005,0.000,0.000,0.001,0.001,0.002,0.000,0.001,0.001,0.590,0.000,0.002,0.002,0.040,0.004,0.001,0.001,0.001,0.001,0.003,0.001,0.001,0.003,0.073,0.007,0.003,0.004,0.002,0.012,0.006,0.003,0.000,0.002,0.001,0.005,0.040,0.104,0.002,0.002,0.003,0.996,1.000,1.000,0.999,1.000,1.000,0.999,1.000,1.000,1.000,1.000,1.000,1.000,1.000,0.998,1.000,1.000,1.000,1.000,1.000,0.121,0.042,0.168,0.549,0.190,0.065,0.638,0.518,0.999,0.999,0.999,1.000,1.000,1.000,1.000,1.000,1.000,1.000,1.000,0.999,0.999,0.999,1.000,1.000,1.000,1.000,1.000,1.000,1.000,1.000,1.000,1.000,1.000,1.000,1.000,1.000,1.000,1.000,1.000,1.000,1.000,1.000,1.000,0.000,0.000
 7.60,   -6.50,-8275.64, -187.29,0.715,0.061,0.000,0.002,0.930,0.000,0.003,0.000,0.000,0.001,0.001,0.001,0.000,0.000,0.001,0.494,0.000,0.001,0.001,0.026,0.003,0.000,0.000,0.001,0.000,0.002,0.001,0.000,0.002,0.051,0.005,0.002,0.003,0.001,0.008,0.004,0.002,0.000,0.001,0.001,0.003,0.026,0.073,0.001,0.001,0.002,0.994,1.000,1.000,0.999,1.000,1.000,0.998,1.000,1.000,1.000,1.000,1.000,1.000,1.000,0.998,1.000,1.000,1.000,1.000,1.000,0.080,0.028,0.117,0.440,0.130,0.045,0.583,0.454,0.998,0.999,0.999,0.999,1.000,0.999,1.000,1.000,1.000,0.999,1.000,0.999,0.998,0.999,1.000,1.000,1.000,1.000,1.000,1.000,1.000,1.000,1.000,1.000,1.000,1.000,1.000,1.000,1.000,1.000,1.000,1.000,1.000,1.000,1.000,0.000,0.000
 7.80,   -7.04,-8260.49, -186.67,0.613,0.041,0.000,0.001,0.916,0.000,0.002,0.000,0.000,0.000,0.001,0.001,0.000,0.000,0.000,0.402,0.000,0.001,0.001,0.017,0.002,0.000,0.000,0.000,0.000,0.001,0.001,0.000,0.001,0.035,0.003,0.001,0.002,0.001,0.005,0.003,0.001,0.000,0.001,0.001,0.002,0.017,0.050,0.001,0.001,0.001,0.991,1.000,0.999,0.998,1.000,1.000,0.997,1.000,1.000,1.000,1.000,1.000,1.000,1.000,0.996,1.000,1.000,1.000,1.000,0.999,0.052,0.018,0.079,0.336,0.087,0.030,0.524,0.394,0.997,0.998,0.999,0.999,1.000,0.999,1.000,1.000,1.000,0.999,0.999,0.998,0.998,0.998,1.000,1.000,1.000,1.000,1.000,1.000,1.000,1.000,1.000,1.000,1.000,1.000,1.000,1.000,1.000,1.000,1.000,1.000,1.000,1.000,1.000,0.000,0.000
 8.00,   -7.50,-8245.47, -186.08,0.500,0.027,0.000,0.001,0.902,0.000,0.001,0.000,0.000,0.000,0.000,0.001,0.000,0.000,0.000,0.322,0.000,0.001,0.000,0.011,0.001,0.000,0.000,0.000,0.000,0.001,0.000,0.000,0.001,0.023,0.002,0.001,0.001,0.000,0.003,0.002,0.001,0.000,0.001,0.000,0.001,0.011,0.034,0.001,0.001,0.001,0.986,1.000,0.999,0.997,1.000,1.000,0.996,1.000,1.000,1.000,1.000,0.999,1.000,1.000,0.994,1.000,1.000,1.000,1.000,0.999,0.034,0.012,0.053,0.245,0.057,0.020,0.459,0.335,0.996,0.997,0.998,0.998,1.000,0.998,1.000,0.999,0.999,0.999,0.999,0.997,0.996,0.997,1.000,1.000,1.000,1.000,1.000,1.000,1.000,1.000,1.000,1.000,1.000,1.000,1.000,1.000,1.000,1.000,1.000,1.000,1.000,1.000,1.000,0.000,0.000
 8.20,   -7.90,-8230.58, -185.52,0.387,0.018,0.000,0.001,0.889,0.000,0.001,0.000,0.000,0.000,0.000,0.000,0.000,0.000,0.000,0.258,0.000,0.000,0.000,0.007,0.001,0.000,0.000,0.000,0.000,0.001,0.000,0.000,0.000,0.015,0.001,0.001,0.001,0.000,0.002,0.001,0.000,0.000,0.000,0.000,0.001,0.007,0.023,0.000,0.000,0.001,0.978,1.000,0.998,0.995,1.000,1.000,0.994,1.000,1.000,1.000,0.999,0.999,1.000,1.000,0.991,1.000,1.000,1.000,1.000,0.998,0.021,0.008,0.035,0.172,0.037,0.013,0.389,0.278,0.994,0.995,0.997,0.997,1.000,0.997,1.000,0.999,0.999,0.998,0.998,0.996,0.994,0.995,0.999,1.000,1.000,1.000,1.000,1.000,1.000,1.000,1.000,1.000,1.000,1.000,1.000,1.000,1.000,1.000,1.000,1.000,1.000,1.000,1.000,0.000,0.000
 8.40,   -8.25,-8215.78, -184.93,0.285,0.011,0.000,0.000,0.873,0.000,0.001,0.000,0.000,0.000,0.000,0.000,0.000,0.000,0.000,0.210,0.000,0.000,0.000,0.005,0.000,0.000,0.000,0.000,0.000,0.000,0.000,0.000,0.000,0.010,0.001,0.000,0.001,0.000,0.001,0.001,0.000,0.000,0.000,0.000,0.001,0.005,0.016,0.000,0.000,0.000,0.965,1.000,0.998,0.992,1.000,1.000,0.990,1.000,1.000,1.000,0.999,0.998,1.000,1.000,0.985,1.000,1.000,1.000,1.000,0.997,0.014,0.005,0.023,0.117,0.024,0.008,0.315,0.221,0.990,0.993,0.995,0.996,1.000,0.995,0.999,0.999,0.998,0.997,0.997,0.993,0.991,0.993,0.999,1.000,1.000,1.000,1.000,1.000,1.000,1.000,1.000,1.000,1.000,1.000,1.000,1.000,1.000,1.000,1.000,1.000,1.000,1.000,1.000,0.000,0.000
 8.60,   -8.56,-8201.08, -184.30,0.201,0.007,0.000,0.000,0.855,0.000,0.000,0.000,0.000,0.000,0.000,0.000,0.000,0.000,0.000,0.175,0.000,0.000,0.000,0.003,0.000,0.000,0.000,0.000,0.000,0.000,0.000,0.000,0.000,0.007,0.001,0.000,0.000,0.000,0.001,0.000,0.000,0.000,0.000,0.000,0.000,0.003,0.010,0.000,0.000,0.000,0.946,1.000,0.996,0.987,1.000,1.000,0.985,1.000,1.000,0.999,0.998,0.998,1.000,1.000,0.977,1.000,1.000,1.000,1.000,0.996,0.009,0.003,0.015,0.078,0.015,0.005,0.243,0.169,0.984,0.989,0.992,0.993,0.999,0.993,0.999,0.998,0.998,0.995,0.996,0.990,0.986,0.989,0.999,1.000,1.000,0.999,1.000,1.000,1.000,0.999,1.000,1.000,1.000,1.000,1.000,1.000,1.000,1.000,1.000,1.000,0.999,1.000,1.000,0.000,0.000
 8.80,   -8.86,-8186.45, -183.56,0.137,0.005,0.000,0.000,0.831,0.000,0.000,0.000,0.000,0.000,0.000,0.000,0.000,0.000,0.000,0.150,0.000,0.000,0.000,0.002,0.000,0.000,0.000,0.000,0.000,0.000,0.000,0.000,0.000,0.004,0.000,0.000,0.000,0.000,0.001,0.000,0.000,0.000,0.000,0.000,0.000,0.002,0.007,0.000,0.000,0.000,0.916,1.000,0.995,0.980,1.000,1.000,0.977,1.000,1.000,0.999,0.997,0.996,1.000,1.000,0.964,1.000,1.000,1.000,1.000,0.993,0.005,0.002,0.009,0.051,0.010,0.004,0.179,0.124,0.975,0.983,0.987,0.989,0.999,0.988,0.998,0.997,0.996,0.992,0.993,0.984,0.978,0.983,0.998,0.999,0.999,0.999,1.000,1.000,1.000,0.999,1.000,1.000,1.000,1.000,1.000,1.000,1.000,1.000,1.000,1.000,0.999,1.000,1.000,0.000,0.000
 9.00,   -9.16,-8171.92, -182.66,0.091,0.003,0.000,0.000,0.798,0.000,0.000,0.000,0.000,0.000,0.000,0.000,0.000,0.000,0.000,0.130,0.000,0.000,0.000,0.001,0.000,0.000,0.000,0.000,0.000,0.000,0.000,0.000,0.000,0.003,0.000,0.000,0.000,0.000,0.000,0.000,0.000,0.000,0.000,0.000,0.000,0.001,0.005,0.000,0.000,0.000,0.874,1.000,0.992,0.968,1.000,1.000,0.964,1.000,1.000,0.999,0.996,0.994,1.000,1.000,0.945,1.000,1.000,1.000,1.000,0.989,0.003,0.001,0.006,0.033,0.006,0.002,0.127,0.087,0.962,0.973,0.980,0.983,0.999,0.982,0.997,0.995,0.994,0.988,0.990,0.975,0.965,0.973,0.997,0.999,0.999,0.999,1.000,1.000,1.000,0.998,0.999,1.000,1.000,1.000,1.000,1.000,1.000,1.000,1.000,1.000,0.999,1.000,1.000,0.000,0.000
 9.20,   -9.51,-8157.47, -181.49,0.059,0.002,0.000,0.000,0.753,0.000,0.000,0.000,0.000,0.000,0.000,0.000,0.000,0.000,0.000,0.115,0.000,0.000,0.000,0.001,0.000,0.000,0.000,0.000,0.000,0.000,0.000,0.000,0.000,0.002,0.000,0.000,0.000,0.000,0.000,0.000,0.000,0.000,0.000,0.000,0.000,0.001,0.003,0.000,0.000,0.000,0.814,1.000,0.987,0.951,1.000,0.999,0.945,1.000,1.000,0.998,0.994,0.991,1.000,1.000,0.918,1.000,1.000,1.000,1.000,0.984,0.002,0.001,0.004,0.021,0.004,0.001,0.087,0.059,0.941,0.959,0.968,0.974,0.998,0.972,0.995,0.992,0.991,0.981,0.984,0.961,0.946,0.959,0.995,0.998,0.998,0.998,1.000,1.000,1.000,0.997,0.999,1.000,1.000,1.000,1.000,1.000,1.000,1.000,1.000,1.000,0.998,1.000,1.000,0.000,0.000
 9.40,   -9.94,-8143.13, -179.96,0.038,0.001,0.000,0.000,0.694,0.000,0.000,0.000,0.000,0.000,0.000,0.000,0.000,0.000,0.000,0.101,0.000,0.000,0.000,0.000,0.000,0.000,0.000,0.000,0.000,0.000,0.000,0.000,0.000,0.001,0.000,0.000,0.000,0.000,0.000,0.000,0.000,0.000,0.000,0.000,0.000,0.000,0.002,0.000,0.000,0.000,0.734,1.000,0.981,0.925,1.000,0.999,0.917,1.000,1.000,0.997,0.990,0.987,1.000,1.000,0.878,1.000,1.000,1.000,1.000,0.976,0.001,0.001,0.003,0.014,0.002,0.001,0.058,0.040,0.909,0.937,0.951,0.960,0.997,0.956,0.993,0.988,0.986,0.972,0.976,0.941,0.919,0.938,0.992,0.997,0.997,0.997,1.000,1.000,1.000,0.995,0.999,1.000,1.000,1.000,1.000,1.000,1.000,1.000,1.000,1.000,0.997,1.000,1.000,0.000,0.000
 9.60,  -10.49,-8128.92, -177.93,0.025,0.001,0.000,0.000,0.620,0.000,0.000,0.000,0.000,0.000,0.000,0.000,0.000,0.000,0.000,0.088,0.000,0.000,0.000,0.000,0.000,0.000,0.000,0.000,0.000,0.000,0.000,0.000,0.000,0.001,0.000,0.000,0.000,0.000,0.000,0.000,0.000,0.000,0.000,0.000,0.000,0.000,0.001,0.000,0.000,0.000,0.635,1.000,0.971,0.888,1.000,0.999,0.878,1.000,1.000,0.995,0.985,0.981,1.000,0.999,0.825,1.000,1.000,1.000,1.000,0.965,0.001,0.000,0.002,0.009,0.002,0.001,0.039,0.026,0.863,0.906,0.926,0.939,0.995,0.933,0.989,0.982,0.979,0.958,0.964,0.913,0.879,0.908,0.987,0.996,0.996,0.995,1.000,1.000,1.000,0.993,0.998,0.999,1.000,1.000,1.000,1.000,1.000,1.000,1.000,1.000,0.995,1.000,1.000,0.000,0.000
 9.80,  -11.20,-8114.89, -175.30,0.016,0.001,0.000,0.000,0.534,0.000,0.000,0.000,0.000,0.000,0.000,0.000,0.000,0.000,0.000,0.074,0.000,0.000,0.000,0.000,0.000,0.000,0.000,0.000,0.000,0.000,0.000,0.000,0.000,0.001,0.000,0.000,0.000,0.000,0.000,0.000,0.000,0.000,0.000,0.000,0.000,0.000,0.001,0.000,0.000,0.000,0.523,1.000,0.958,0.836,1.000,0.998,0.824,1.000,0.999,0.992,0.977,0.972,1.000,0.999,0.758,1.000,1.000,1.000,1.000,0.950,0.001,0.000,0.001,0.006,0.001,0.000,0.025,0.017,0.799,0.863,0.890,0.910,0.992,0.900,0.983,0.974,0.968,0.939,0.947,0.875,0.825,0.866,0.980,0.994,0.993,0.991,0.999,1.000,1.000,0.989,0.997,0.999,0.999,1.000,1.000,1.000,1.000,1.000,1.000,1.000,0.992,1.000,1.000,0.000,0.000
10.00,  -12.12,-8101.08, -172.00,0.010,0.000,0.000,0.000,0.442,0.000,0.000,0.000,0.000,0.000,0.000,0.000,0.000,0.000,0.000,0.061,0.000,0.000,0.000,0.000,0.000,0.000,0.000,0.000,0.000,0.000,0.000,0.000,0.000,0.000,0.000,0.000,0.000,0.000,0.000,0.000,0.000,0.000,0.000,0.000,0.000,0.000,0.001,0.000,0.000,0.000,0.409,1.000,0.939,0.766,1.000,0.997,0.755,1.000,0.999,0.988,0.965,0.960,1.000,0.999,0.675,1.000,1.000,1.000,1.000,0.929,0.000,0.000,0.001,0.004,0.001,0.000,0.017,0.011,0.715,0.804,0.839,0.870,0.988,0.852,0.974,0.962,0.953,0.912,0.924,0.824,0.754,0.810,0.969,0.990,0.989,0.987,0.999,1.000,1.000,0.983,0.995,0.999,0.999,1.000,1.000,1.000,1.000,1.000,1.000,1.000,0.987,0.999,1.000,0.000,0.000
10.20,  -13.23,-8087.54, -168.02,0.006,0.000,0.000,0.000,0.354,0.000,0.000,0.000,0.000,0.000,0.000,0.000,0.000,0.000,0.000,0.049,0.000,0.000,0.000,0.000,0.000,0.000,0.000,0.000,0.000,0.000,0.000,0.000,0.000,0.000,0.000,0.000,0.000,0.000,0.000,0.000,0.000,0.000,0.000,0.000,0.000,0.000,0.000,0.000,0.000,0.000,0.304,1.000,0.914,0.679,1.000,0.995,0.671,1.000,0.998,0.982,0.947,0.944,1.000,0.998,0.586,0.999,1.000,1.000,1.000,0.903,0.000,0.000,0.001,0.002,0.000,0.000,0.011,0.007,0.613,0.730,0.773,0.817,0.981,0.789,0.962,0.947,0.933,0.877,0.894,0.761,0.668,0.739,0.953,0.984,0.984,0.979,0.999,1.000,1.000,0.973,0.992,0.998,0.998,1.000,1.000,1.000,1.000,1.000,1.000,1.000,0.980,0.999,1.000,0.000,0.000
10.40,  -14.55,-8074.34, -163.42,0.004,0.000,0.000,0.000,0.275,0.000,0.000,0.000,0.000,0.000,0.000,0.000,0.000,0.000,0.000,0.038,0.000,0.000,0.000,0.000,0.000,0.000,0.000,0.000,0.000,0.000,0.000,0.000,0.000,0.000,0.000,0.000,0.000,0.000,0.000,0.000,0.000,0.000,0.000,0.000,0.000,0.000,0.000,0.000,0.000,0.000,0.216,1.000,0.882,0.578,1.000,0.993,0.577,1.000,0.998,0.973,0.921,0.924,1.000,0.997,0.495,0.999,1.000,1.000,1.000,0.870,0.000,0.000,0.000,0.002,0.000,0.000,0.007,0.005,0.500,0.643,0.689,0.749,0.972,0.708,0.944,0.927,0.907,0.832,0.857,0.688,0.570,0.656,0.930,0.975,0.975,0.968,0.998,1.000,1.000,0.959,0.988,0.997,0.998,1.000,1.000,1.000,1.000,0.999,1.000,1.000,0.970,0.999,1.000,0.000,0.000
10.60,  -16.04,-8061.53, -158.31,0.003,0.000,0.000,0.000,0.209,0.000,0.000,0.000,0.000,0.000,0.000,0.000,0.000,0.000,0.000,0.029,0.000,0.000,0.000,0.000,0.000,0.000,0.000,0.000,0.000,0.000,0.000,0.000,0.000,0.000,0.000,0.000,0.000,0.000,0.000,0.000,0.000,0.000,0.000,0.000,0.000,0.000,0.000,0.000,0.000,0.000,0.148,1.000,0.841,0.472,1.000,0.989,0.479,1.000,0.996,0.959,0.885,0.897,1.000,0.996,0.410,0.999,1.000,1.000,1.000,0.829,0.000,0.000,0.000,0.001,0.000,0.000,0.005,0.003,0.387,0.547,0.593,0.668,0.958,0.612,0.919,0.901,0.872,0.776,0.812,0.608,0.469,0.562,0.898,0.962,0.961,0.951,0.997,1.000,1.000,0.939,0.982,0.995,0.997,1.000,1.000,1.000,1.000,0.999,1.000,1.000,0.955,0.998,1.000,0.000,0.000
10.80,  -17.63,-8049.14, -152.82,0.002,0.000,0.000,0.000,0.157,0.000,0.000,0.000,0.000,0.000,0.000,0.000,0.000,0.000,0.000,0.022,0.000,0.000,0.000,0.000,0.000,0.000,0.000,0.000,0.000,0.000,0.000,0.000,0.000,0.000,0.000,0.000,0.000,0.000,0.000,0.000,0.000,0.000,0.000,0.000,0.000,0.000,0.000,0.000,0.000,0.000,0.099,1.000,0.790,0.369,1.000,0.984,0.385,1.000,0.995,0.940,0.837,0.865,1.000,0.994,0.340,0.998,1.000,1.000,1.000,0.782,0.000,0.000,0.000,0.001,0.000,0.000,0.003,0.002,0.285,0.451,0.490,0.578,0.938,0.509,0.886,0.872,0.831,0.712,0.763,0.526,0.373,0.468,0.854,0.941,0.941,0.927,0.996,0.999,1.000,0.909,0.973,0.993,0.996,1.000,1.000,0.999,0.999,0.999,1.000,1.000,0.934,0.997,1.000,0.000,0.000
11.00,  -19.35,-8037.20, -147.06,0.001,0.000,0.000,0.000,0.115,0.000,0.000,0.000,0.000,0.000,0.000,0.000,0.000,0.000,0.000,0.016,0.000,0.000,0.000,0.000,0.000,0.000,0.000,0.000,0.000,0.000,0.000,0.000,0.000,0.000,0.000,0.000,0.000,0.000,0.000,0.000,0.000,0.000,0.000,0.000,0.000,0.000,0.000,0.000,0.000,0.000,0.065,1.000,0.727,0.276,1.000,0.976,0.298,1.000,0.993,0.914,0.776,0.825,1.000,0.991,0.277,0.997,1.000,1.000,1.000,0.722,0.000,0.000,0.000,0.000,0.000,0.000,0.002,0.001,0.201,0.360,0.389,0.481,0.910,0.405,0.842,0.835,0.778,0.637,0.703,0.442,0.286,0.374,0.796,0.909,0.913,0.893,0.995,0.999,0.999,0.867,0.960,0.990,0.994,1.000,1.000,0.999,0.999,0.998,1.000,1.000,0.905,0.996,1.000,0.000,0.000
11.20,  -21.14,-8025.74, -141.14,0.001,0.000,0.000,0.000,0.084,0.000,0.000,0.000,0.000,0.000,0.000,0.000,0.000,0.000,0.000,0.012,0.000,0.000,0.000,0.000,0.000,0.000,0.000,0.000,0.000,0.000,0.000,0.000,0.000,0.000,0.000,0.000,0.000,0.000,0.000,0.000,0.000,0.000,0.000,0.000,0.000,0.000,0.000,0.000,0.000,0.000,0.042,1.000,0.651,0.200,1.000,0.965,0.224,1.000,0.990,0.879,0.703,0.777,1.000,0.988,0.226,0.995,1.000,1.000,1.000,0.654,0.000,0.000,0.000,0.000,0.000,0.000,0.001,0.001,0.137,0.279,0.298,0.384,0.871,0.310,0.786,0.792,0.715,0.555,0.635,0.361,0.212,0.290,0.724,0.863,0.874,0.846,0.993,0.999,0.999,0.811,0.940,0.986,0.992,1.000,0.999,0.999,0.999,0.997,1.000,1.000,0.866,0.995,0.999,0.000,0.000
11.40,  -22.99,-8014.79, -135.14,0.000,0.000,0.000,0.000,0.061,0.000,0.000,0.000,0.000,0.000,0.000,0.000,0.000,0.000,0.000,0.009,0.000,0.000,0.000,0.000,0.000,0.000,0.000,0.000,0.000,0.000,0.000,0.000,0.000,0.000,0.000,0.000,0.000,0.000,0.000,0.000,0.000,0.000,0.000,0.000,0.000,0.000,0.000,0.000,0.000,0.000,0.027,1.000,0.564,0.140,1.000,0.950,0.164,1.000,0.986,0.835,0.622,0.722,1.000,0.983,0.183,0.993,1.000,1.000,1.000,0.577,0.000,0.000,0.000,0.000,0.000,0.000,0.001,0.001,0.091,0.212,0.221,0.295,0.819,0.229,0.716,0.744,0.643,0.470,0.560,0.287,0.152,0.218,0.640,0.799,0.822,0.786,0.992,0.998,0.999,0.739,0.912,0.980,0.988,0.999,0.999,0.998,0.998,0.995,1.000,1.000,0.817,0.993,0.999,0.000,0.000
11.60,  -24.86,-8004.34, -129.04,0.000,0.000,0.000,0.000,0.044,0.000,0.000,0.000,0.000,0.000,0.000,0.000,0.000,0.000,0.000,0.007,0.000,0.000,0.000,0.000,0.000,0.000,0.000,0.000,0.000,0.000,0.000,0.000,0.000,0.000,0.000,0.000,0.000,0.000,0.000,0.000,0.000,0.000,0.000,0.000,0.000,0.000,0.000,0.000,0.000,0.000,0.017,1.000,0.470,0.096,1.000,0.928,0.117,1.000,0.980,0.780,0.537,0.660,1.000,0.976,0.148,0.989,1.000,0.999,1.000,0.496,0.000,0.000,0.000,0.000,0.000,0.000,0.001,0.000,0.059,0.158,0.160,0.218,0.752,0.165,0.634,0.689,0.562,0.387,0.481,0.223,0.107,0.159,0.548,0.715,0.757,0.714,0.990,0.997,0.998,0.653,0.873,0.973,0.984,0.999,0.999,0.997,0.998,0.993,0.999,1.000,0.756,0.992,0.999,0.000,0.000
11.80,  -26.72,-7994.41, -122.83,0.000,0.000,0.000,0.000,0.032,0.000,0.000,0.000,0.000,0.000,0.000,0.000,0.000,0.000,0.000,0.005,0.000,0.000,0.000,0.000,0.000,0.000,0.000,0.000,0.000,0.000,0.000,0.000,0.000,0.000,0.000,0.000,0.000,0.000,0.000,0.000,0.000,0.000,0.000,0.000,0.000,0.000,0.000,0.000,0.000,0.000,0.011,1.000,0.377,0.065,1.000,0.898,0.082,1.000,0.973,0.714,0.454,0.592,1.000,0.967,0.119,0.984,1.000,0.999,1.000,0.414,0.000,0.000,0.000,0.000,0.000,0.000,0.000,0.000,0.038,0.115,0.115,0.156,0.671,0.116,0.543,0.630,0.476,0.309,0.400,0.169,0.074,0.113,0.454,0.613,0.679,0.630,0.987,0.996,0.998,0.558,0.819,0.965,0.977,0.999,0.998,0.996,0.997,0.990,0.999,1.000,0.684,0.990,0.998,0.000,0.000
12.00,  -28.56,-7984.98, -116.47,0.000,0.000,0.000,0.000,0.023,0.000,0.000,0.000,0.000,0.000,0.000,0.000,0.000,0.000,0.000,0.004,0.000,0.000,0.000,0.000,0.000,0.000,0.000,0.000,0.000,0.000,0.000,0.000,0.000,0.000,0.000,0.000,0.000,0.000,0.000,0.000,0.000,0.000,0.000,0.000,0.000,0.000,0.000,0.000,0.000,0.000,0.007,1.000,0.291,0.043,1.000,0.856,0.057,1.000,0.964,0.638,0.376,0.521,1.000,0.954,0.094,0.977,1.000,0.998,1.000,0.336,0.000,0.000,0.000,0.000,0.000,0.000,0.000,0.000,0.025,0.082,0.081,0.109,0.579,0.080,0.448,0.566,0.390,0.240,0.322,0.125,0.050,0.079,0.363,0.500,0.591,0.540,0.985,0.994,0.997,0.461,0.749,0.957,0.968,0.998,0.998,0.994,0.996,0.984,0.999,1.000,0.602,0.989,0.997,0.000,0.000
12.20,  -30.32,-7976.05, -109.96,0.000,0.000,0.000,0.000,0.016,0.000,0.000,0.000,0.000,0.000,0.000,0.000,0.000,0.000,0.000,0.003,0.000,0.000,0.000,0.000,0.000,0.000,0.000,0.000,0.000,0.000,0.000,0.000,0.000,0.000,0.000,0.000,0.000,0.000,0.000,0.000,0.000,0.000,0.000,0.000,0.000,0.000,0.000,0.000,0.000,0.000,0.004,0.999,0.218,0.029,1.000,0.802,0.039,0.999,0.951,0.553,0.306,0.448,1.000,0.935,0.073,0.966,1.000,0.997,1.000,0.264,0.000,0.000,0.000,0.000,0.000,0.000,0.000,0.000,0.016,0.057,0.057,0.075,0.480,0.054,0.355,0.498,0.307,0.182,0.250,0.090,0.033,0.055,0.282,0.387,0.498,0.449,0.984,0.991,0.995,0.371,0.662,0.947,0.956,0.998,0.997,0.991,0.994,0.977,0.998,1.000,0.513,0.989,0.996,0.000,0.000
12.40,  -31.99,-7967.58, -103.31,0.000,0.000,0.000,0.000,0.011,0.000,0.000,0.000,0.000,0.000,0.000,0.000,0.000,0.000,0.000,0.002,0.000,0.000,0.000,0.000,0.000,0.000,0.000,0.000,0.000,0.000,0.000,0.000,0.000,0.000,0.000,0.000,0.000,0.000,0.000,0.000,0.000,0.000,0.000,0.000,0.000,0.000,0.000,0.000,0.000,0.000,0.003,0.999,0.160,0.019,1.000,0.732,0.026,0.999,0.934,0.464,0.243,0.377,1.000,0.908,0.055,0.950,1.000,0.996,1.000,0.202,0.000,0.000,0.000,0.000,0.000,0.000,0.000,0.000,0.010,0.039,0.040,0.050,0.382,0.036,0.271,0.427,0.233,0.134,0.187,0.064,0.022,0.037,0.212,0.285,0.404,0.360,0.982,0.986,0.993,0.293,0.564,0.937,0.938,0.997,0.996,0.987,0.992,0.966,0.997,1.000,0.422,0.988,0.993,0.000,0.000
12.60,  -33.58,-7959.57,  -96.61,0.000,0.000,0.000,0.000,0.008,0.000,0.000,0.000,0.000,0.000,0.000,0.000,0.000,0.000,0.000,0.001,0.000,0.000,0.000,0.000,0.000,0.000,0.000,0.000,0.000,0.000,0.000,0.000,0.000,0.000,0.000,0.000,0.000,0.000,0.000,0.000,0.000,0.000,0.000,0.000,0.000,0.000,0.000,0.000,0.000,0.000,0.002,0.999,0.117,0.012,1.000,0.647,0.018,0.999,0.909,0.374,0.188,0.304,1.000,0.871,0.040,0.928,0.999,0.994,1.000,0.148,0.000,0.000,0.000,0.000,0.000,0.000,0.000,0.000,0.006,0.027,0.028,0.033,0.291,0.024,0.198,0.348,0.170,0.095,0.135,0.044,0.014,0.025,0.155,0.201,0.314,0.278,0.980,0.979,0.991,0.228,0.459,0.926,0.911,0.996,0.994,0.981,0.988,0.950,0.996,1.000,0.332,0.988,0.990,0.000,0.000
12.80,  -34.98,-7951.96,  -89.90,0.000,0.000,0.000,0.000,0.005,0.000,0.000,0.000,0.000,0.000,0.000,0.000,0.000,0.000,0.000,0.001,0.000,0.000,0.000,0.000,0.000,0.000,0.000,0.000,0.000,0.000,0.000,0.000,0.000,0.000,0.000,0.000,0.000,0.000,0.000,0.000,0.000,0.000,0.000,0.000,0.000,0.000,0.000,0.000,0.000,0.000,0.001,0.998,0.086,0.008,0.999,0.552,0.012,0.998,0.875,0.291,0.143,0.246,0.999,0.821,0.029,0.899,0.999,0.990,1.000,0.107,0.000,0.000,0.000,0.000,0.000,0.000,0.000,0.000,0.004,0.018,0.019,0.022,0.215,0.016,0.142,0.283,0.121,0.067,0.096,0.030,0.009,0.016,0.112,0.137,0.236,0.209,0.978,0.969,0.988,0.178,0.358,0.913,0.877,0.994,0.992,0.973,0.983,0.928,0.994,0.999,0.255,0.987,0.985,0.000,0.000
13.00,  -36.26,-7944.72,  -83.27,0.000,0.000,0.000,0.000,0.004,0.000,0.000,0.000,0.000,0.000,0.000,0.000,0.000,0.000,0.000,0.001,0.000,0.000,0.000,0.000,0.000,0.000,0.000,0.000,0.000,0.000,0.000,0.000,0.000,0.000,0.000,0.000,0.000,0.000,0.000,0.000,0.000,0.000,0.000,0.000,0.000,0.000,0.000,0.000,0.000,0.000,0.001,0.997,0.064,0.005,0.999,0.452,0.008,0.997,0.830,0.219,0.107,0.194,0.999,0.757,0.021,0.861,0.999,0.985,1.000,0.076,0.000,0.000,0.000,0.000,0.000,0.000,0.000,0.000,0.003,0.012,0.013,0.014,0.155,0.011,0.099,0.223,0.084,0.047,0.066,0.020,0.006,0.011,0.079,0.091,0.171,0.151,0.975,0.953,0.984,0.140,0.268,0.896,0.830,0.991,0.988,0.963,0.976,0.898,0.990,0.999,0.189,0.987,0.977,0.000,0.000
13.20,  -37.44,-7937.82,  -76.78,0.000,0.000,0.000,0.000,0.003,0.000,0.000,0.000,0.000,0.000,0.000,0.000,0.000,0.000,0.000,0.000,0.000,0.000,0.000,0.000,0.000,0.000,0.000,0.000,0.000,0.000,0.000,0.000,0.000,0.000,0.000,0.000,0.000,0.000,0.000,0.000,0.000,0.000,0.000,0.000,0.000,0.000,0.000,0.000,0.000,0.000,0.000,0.995,0.049,0.003,0.999,0.354,0.005,0.996,0.770,0.159,0.078,0.151,0.999,0.678,0.014,0.814,0.998,0.977,1.000,0.053,0.000,0.000,0.000,0.000,0.000,0.000,0.000,0.000,0.002,0.008,0.009,0.009,0.109,0.007,0.069,0.171,0.058,0.032,0.045,0.013,0.004,0.007,0.056,0.059,0.120,0.106,0.972,0.930,0.978,0.112,0.193,0.873,0.767,0.987,0.984,0.948,0.965,0.860,0.985,0.999,0.137,0.986,0.965,0.000,0.000
13.40,  -38.55,-7931.24,  -70.46,0.000,0.000,0.000,0.000,0.002,0.000,0.000,0.000,0.000,0.000,0.000,0.000,0.000,0.000,0.000,0.000,0.000,0.000,0.000,0.000,0.000,0.000,0.000,0.000,0.000,0.000,0.000,0.000,0.000,0.000,0.000,0.000,0.000,0.000,0.000,0.000,0.000,0.000,0.000,0.000,0.000,0.000,0.000,0.000,0.000,0.000,0.000,0.993,0.039,0.002,0.999,0.268,0.004,0.995,0.694,0.112,0.056,0.115,0.999,0.587,0.010,0.760,0.997,0.965,1.000,0.037,0.000,0.000,0.000,0.000,0.000,0.000,0.000,0.000,0.001,0.005,0.006,0.006,0.075,0.005,0.047,0.128,0.039,0.022,0.030,0.009,0.003,0.005,0.039,0.038,0.082,0.073,0.967,0.896,0.970,0.091,0.135,0.840,0.689,0.981,0.977,0.930,0.949,0.813,0.978,0.999,0.097,0.984,0.947,0.000,0.000
13.60,  -39.63,-7924.95,  -64.34,0.000,0.000,0.000,0.000,0.001,0.000,0.000,0.000,0.000,0.000,0.000,0.000,0.000,0.000,0.000,0.000,0.000,0.000,0.000,0.000,0.000,0.000,0.000,0.000,0.000,0.000,0.000,0.000,0.000,0.000,0.000,0.000,0.000,0.000,0.000,0.000,0.000,0.000,0.000,0.000,0.000,0.000,0.000,0.000,0.000,0.000,0.000,0.989,0.033,0.001,0.998,0.198,0.002,0.993,0.604,0.077,0.040,0.086,0.998,0.489,0.007,0.703,0.995,0.947,1.000,0.025,0.000,0.000,0.000,0.000,0.000,0.000,0.000,0.000,0.001,0.003,0.004,0.004,0.051,0.003,0.032,0.095,0.026,0.014,0.020,0.006,0.002,0.003,0.027,0.025,0.055,0.049,0.960,0.848,0.959,0.075,0.093,0.796,0.597,0.973,0.967,0.906,0.927,0.759,0.967,0.998,0.068,0.982,0.922,0.000,0.000
13.80,  -40.69,-7918.96,  -58.45,0.000,0.000,0.000,0.000,0.001,0.000,0.000,0.000,0.000,0.000,0.000,0.000,0.000,0.000,0.000,0.000,0.000,0.000,0.000,0.000,0.000,0.000,0.000,0.000,0.000,0.000,0.000,0.000,0.000,0.000,0.000,0.000,0.000,0.000,0.000,0.000,0.000,0.000,0.000,0.000,0.000,0.000,0.000,0.000,0.000,0.000,0.000,0.984,0.028,0.001,0.997,0.143,0.002,0.989,0.505,0.052,0.028,0.064,0.998,0.393,0.005,0.646,0.993,0.920,0.999,0.017,0.000,0.000,0.000,0.000,0.000,0.000,0.000,0.000,0.000,0.002,0.003,0.003,0.035,0.002,0.021,0.069,0.017,0.010,0.013,0.004,0.001,0.002,0.019,0.016,0.036,0.032,0.949,0.784,0.942,0.062,0.062,0.736,0.496,0.960,0.952,0.875,0.895,0.700,0.951,0.997,0.048,0.978,0.885,0.000,0.000
14.00,  -41.77,-7913.26,  -52.82,0.000,0.000,0.000,0.000,0.001,0.000,0.000,0.000,0.000,0.000,0.000,0.000,0.000,0.000,0.000,0.000,0.000,0.000,0.000,0.000,0.000,0.000,0.000,0.000,0.000,0.000,0.000,0.000,0.000,0.000,0.000,0.000,0.000,0.000,0.000,0.000,0.000,0.000,0.000,0.000,0.000,0.000,0.000,0.000,0.000,0.000,0.000,0.976,0.025,0.001,0.996,0.103,0.001,0.985,0.405,0.035,0.020,0.047,0.997,0.305,0.003,0.592,0.990,0.883,0.999,0.011,0.000,0.000,0.000,0.000,0.000,0.000,0.000,0.000,0.000,0.001,0.002,0.002,0.024,0.001,0.014,0.050,0.011,0.006,0.009,0.002,0.001,0.001,0.013,0.010,0.024,0.021,0.935,0.702,0.919,0.051,0.041,0.660,0.395,0.943,0.932,0.836,0.851,0.638,0.929,0.997,0.034,0.972,0.835,0.000,0.000
