pH,Total Charge,Electrostatic Energy,Relative Folding Energy,NTR_MODEL,A:TYR392_NTR,ASP_MODEL,A:ASP398,A:ASP401,A:ASP426,A:ASP440,A:ASP504,A:ASP521,A:ASP531,A:ASP539,A:ASP548,A:ASP549,A:ASP579,A:ASP639,A:ASP653,A:ASP656,GLU_MODEL,A:GLU396,A:GLU407,A:GLU434,A:GLU439,A:GLU441,A:GLU444,A:GLU445,A:GLU455,A:GLU475,A:GLU488,A:GLU500,A:GLU507,A:GLU510,A:GLU513,A:GLU550,A:GLU567,A:GLU589,A:GLU599,A:GLU605,A:GLU608,A:GLU624,A:GLU636,A:GLU640,A:GLU657,A:GLU658,TYR_MODEL,A:TYR392,A:TYR418,A:TYR425,A:TYR461,A:TYR476,A:TYR485,A:TYR511,A:TYR545,A:TYR551,A:TYR571,A:TYR591,A:TYR598,A:TYR617,A:TYR627,A:TYR631,CYS_MODEL,A:CYS464,A:CYS481,A:CYS502,A:CYS506,A:CYS527,A:CYS633,HIS_MODEL,A:HIS454,A:HIS491,A:HIS519,A:HIS609,A:HIS620,A:HIS635,LYS_MODEL,A:LYS400,A:LYS406,A:LYS417,A:LYS420,A:LYS430,A:LYS433,A:LYS447,A:LYS456,A:LYS466,A:LYS503,A:LYS515,A:LYS536,A:LYS558,A:LYS573,A:LYS577,A:LYS595,A:LYS625,A:LYS637,A:LYS645,ARG_MODEL,A:ARG422,A:ARG468,A:ARG487,A:ARG490,A:ARG492,A:ARG520,A:ARG525,A:ARG544,A:ARG562,A:ARG600,A:ARG615,A:ARG618,A:ARG641,CTR_MODEL,A:GLU658_CTR
 0.00,   38.98,-6613.69, -206.01,1.000,1.000,1.000,0.999,1.000,0.999,0.999,1.000,0.999,0.999,1.000,0.999,1.000,1.000,0.996,1.000,1.000,1.000,1.000,1.000,1.000,1.000,1.000,1.000,1.000,0.998,1.000,1.000,1.000,0.999,1.000,1.000,1.000,0.999,1.000,1.000,1.000,1.000,0.999,1.000,0.999,1.000,1.000,1.000,1.000,1.000,1.000,1.000,1.000,1.000,1.000,1.000,1.000,1.000,1.000,1.000,1.000,1.000,1.000,1.000,1.000,1.000,1.000,1.000,1.000,1.000,1.000,1.000,1.000,1.000,1.000,1.000,1.000,1.000,1.000,1.000,1.000,1.000,1.000,1.000,1.000,1.000,1.000,1.000,1.000,1.000,1.000,1.000,1.000,1.000,1.000,1.000,1.000,1.000,1.000,1.000,1.000,1.000,1.000,1.000,1.000,1.000,1.000,1.000,1.000,1.000,1.000,1.000,1.000
 0.20,   38.97,-6586.26, -206.01,1.000,1.000,1.000,0.998,0.999,0.999,0.998,1.000,0.998,0.998,0.999,0.999,0.999,1.000,0.994,1.000,1.000,1.000,1.000,1.000,1.000,1.000,1.000,1.000,1.000,0.997,1.000,1.000,1.000,0.999,1.000,1.000,1.000,0.999,1.000,0.999,1.000,1.000,0.999,1.000,0.999,1.000,1.000,1.000,1.000,1.000,1.000,1.000,1.000,1.000,1.000,1.000,1.000,1.000,1.000,1.000,1.000,1.000,1.000,1.000,1.000,1.000,1.000,1.000,1.000,1.000,1.000,1.000,1.000,1.000,1.000,1.000,1.000,1.000,1.000,1.000,1.000,1.000,1.000,1.000,1.000,1.000,1.000,1.000,1.000,1.000,1.000,1.000,1.000,1.000,1.000,1.000,1.000,1.000,1.000,1.000,1.000,1.000,1.000,1.000,1.000,1.000,1.000,1.000,1.000,1.000,1.000,1.000,1.000
 0.40,   38.95,-6558.84, -206.02,1.000,1.000,0.999,0.997,0.999,0.999,0.997,1.000,0.997,0.997,0.999,0.998,0.999,1.000,0.990,1.000,0.999,1.000,1.000,0.999,1.000,1.000,1.000,1.000,1.000,0.995,1.000,1.000,1.000,0.998,1.000,1.000,0.999,0.998,1.000,0.999,1.000,1.000,0.999,1.000,0.998,1.000,1.000,1.000,1.000,1.000,1.000,1.000,1.000,1.000,1.000,1.000,1.000,1.000,1.000,1.000,1.000,1.000,1.000,1.000,1.000,1.000,1.000,1.000,1.000,1.000,1.000,1.000,1.000,1.000,1.000,1.000,1.000,1.000,1.000,1.000,1.000,1.000,1.000,1.000,1.000,1.000,1.000,1.000,1.000,1.000,1.000,1.000,1.000,1.000,1.000,1.000,1.000,1.000,1.000,1.000,1.000,1.000,1.000,1.000,1.000,1.000,1.000,1.000,1.000,1.000,1.000,0.999,1.000
 0.60,   38.92,-6531.42, -206.03,1.000,1.000,0.999,0.996,0.999,0.998,0.996,1.000,0.995,0.995,0.999,0.996,0.998,0.999,0.985,0.999,0.999,1.000,1.000,0.999,1.000,1.000,0.999,0.999,0.999,0.992,0.999,0.999,0.999,0.997,0.999,1.000,0.999,0.997,1.000,0.998,0.999,1.000,0.998,0.999,0.998,1.000,1.000,1.000,1.000,1.000,1.000,1.000,1.000,1.000,1.000,1.000,1.000,1.000,1.000,1.000,1.000,1.000,1.000,1.000,1.000,1.000,1.000,1.000,1.000,1.000,1.000,1.000,1.000,1.000,1.000,1.000,1.000,1.000,1.000,1.000,1.000,1.000,1.000,1.000,1.000,1.000,1.000,1.000,1.000,1.000,1.000,1.000,1.000,1.000,1.000,1.000,1.000,1.000,1.000,1.000,1.000,1.000,1.000,1.000,1.000,1.000,1.000,1.000,1.000,1.000,1.000,0.999,1.000
 0.80,   38.88,-6504.01, -206.05,1.000,1.000,0.999,0.993,0.998,0.996,0.994,1.000,0.992,0.991,0.998,0.994,0.997,0.999,0.976,0.999,0.998,1.000,0.999,0.999,0.999,1.000,0.999,0.999,0.999,0.987,0.999,0.999,0.999,0.995,0.999,1.000,0.999,0.996,1.000,0.997,0.999,1.000,0.997,0.999,0.996,1.000,1.000,1.000,1.000,1.000,1.000,1.000,1.000,1.000,1.000,1.000,1.000,1.000,1.000,1.000,1.000,1.000,1.000,1.000,1.000,1.000,1.000,1.000,1.000,1.000,1.000,1.000,1.000,1.000,1.000,1.000,1.000,1.000,1.000,1.000,1.000,1.000,1.000,1.000,1.000,1.000,1.000,1.000,1.000,1.000,1.000,1.000,1.000,1.000,1.000,1.000,1.000,1.000,1.000,1.000,1.000,1.000,1.000,1.000,1.000,1.000,1.000,1.000,1.000,1.000,1.000,0.999,0.999
 1.00,   38.81,-6476.62, -206.09,1.000,1.000,0.998,0.989,0.997,0.994,0.990,1.000,0.987,0.986,0.996,0.991,0.995,0.998,0.963,0.998,0.998,0.999,0.999,0.998,0.999,1.000,0.999,0.999,0.999,0.979,0.999,0.998,0.999,0.993,0.999,1.000,0.998,0.994,1.000,0.996,0.998,0.999,0.995,0.998,0.994,0.999,1.000,1.000,1.000,1.000,1.000,1.000,1.000,1.000,1.000,1.000,1.000,1.000,1.000,1.000,1.000,1.000,1.000,1.000,1.000,1.000,1.000,1.000,1.000,1.000,1.000,1.000,1.000,1.000,1.000,1.000,1.000,1.000,1.000,1.000,1.000,1.000,1.000,1.000,1.000,1.000,1.000,1.000,1.000,1.000,1.000,1.000,1.000,1.000,1.000,1.000,1.000,1.000,1.000,1.000,1.000,1.000,1.000,1.000,1.000,1.000,1.000,1.000,1.000,1.000,1.000,0.998,0.999
 1.20,   38.70,-6449.25, -206.14,1.000,1.000,0.997,0.983,0.995,0.991,0.984,0.999,0.980,0.979,0.994,0.986,0.992,0.997,0.942,0.997,0.996,0.999,0.998,0.997,0.999,1.000,0.998,0.998,0.998,0.968,0.998,0.997,0.998,0.989,0.998,0.999,0.996,0.990,1.000,0.993,0.998,0.999,0.992,0.997,0.991,0.999,0.999,1.000,1.000,1.000,1.000,1.000,1.000,1.000,1.000,1.000,1.000,1.000,1.000,1.000,1.000,1.000,1.000,1.000,1.000,1.000,1.000,1.000,1.000,1.000,1.000,0.999,1.000,1.000,1.000,1.000,1.000,1.000,1.000,1.000,1.000,1.000,1.000,1.000,1.000,1.000,1.000,1.000,1.000,1.000,1.000,1.000,1.000,1.000,1.000,1.000,1.000,1.000,1.000,1.000,1.000,1.000,1.000,1.000,1.000,1.000,1.000,1.000,1.000,1.000,1.000,0.997,0.999
 1.40,   38.54,-6421.92, -206.22,1.000,1.000,0.995,0.973,0.992,0.987,0.976,0.999,0.969,0.967,0.991,0.978,0.988,0.996,0.912,0.995,0.994,0.999,0.997,0.995,0.998,0.999,0.997,0.997,0.996,0.950,0.996,0.995,0.996,0.983,0.997,0.999,0.995,0.985,1.000,0.990,0.996,0.999,0.988,0.996,0.986,0.999,0.999,1.000,1.000,1.000,1.000,1.000,1.000,1.000,1.000,1.000,1.000,1.000,1.000,1.000,1.000,1.000,1.000,1.000,1.000,1.000,1.000,1.000,1.000,1.000,1.000,0.999,1.000,1.000,1.000,1.000,1.000,1.000,1.000,1.000,1.000,1.000,1.000,1.000,1.000,1.000,1.000,1.000,1.000,1.000,1.000,1.000,1.000,1.000,1.000,1.000,1.000,1.000,1.000,1.000,1.000,1.000,1.000,1.000,1.000,1.000,1.000,1.000,1.000,1.000,1.000,0.995,0.998
 1.60,   38.30,-6394.64, -206.33,1.000,1.000,0.992,0.959,0.988,0.979,0.962,0.998,0.953,0.949,0.987,0.966,0.982,0.993,0.869,0.993,0.991,0.998,0.996,0.992,0.997,0.999,0.995,0.995,0.995,0.925,0.994,0.993,0.995,0.973,0.995,0.998,0.992,0.977,1.000,0.984,0.994,0.998,0.981,0.994,0.978,0.998,0.999,1.000,1.000,1.000,1.000,1.000,1.000,1.000,1.000,1.000,1.000,1.000,1.000,1.000,1.000,1.000,1.000,1.000,1.000,1.000,1.000,1.000,1.000,1.000,1.000,0.998,1.000,1.000,1.000,1.000,1.000,1.000,1.000,1.000,1.000,1.000,1.000,1.000,1.000,1.000,1.000,1.000,1.000,1.000,1.000,1.000,1.000,1.000,1.000,1.000,1.000,1.000,1.000,1.000,1.000,1.000,1.000,1.000,1.000,1.000,1.000,1.000,1.000,1.000,1.000,0.992,0.997
 1.80,   37.94,-6367.45, -206.51,1.000,1.000,0.987,0.937,0.981,0.968,0.942,0.997,0.928,0.923,0.979,0.948,0.972,0.989,0.809,0.989,0.986,0.996,0.993,0.988,0.995,0.998,0.992,0.992,0.992,0.888,0.992,0.989,0.992,0.960,0.992,0.997,0.987,0.965,1.000,0.974,0.990,0.997,0.970,0.991,0.967,0.996,0.998,1.000,1.000,1.000,1.000,1.000,1.000,1.000,1.000,1.000,1.000,1.000,1.000,1.000,1.000,1.000,1.000,1.000,1.000,1.000,1.000,1.000,1.000,1.000,1.000,0.998,1.000,1.000,1.000,1.000,1.000,1.000,1.000,1.000,1.000,1.000,1.000,1.000,1.000,1.000,1.000,1.000,1.000,1.000,1.000,1.000,1.000,1.000,1.000,1.000,1.000,1.000,1.000,1.000,1.000,1.000,1.000,1.000,1.000,1.000,1.000,1.000,1.000,1.000,1.000,0.987,0.995
 2.00,   37.43,-6340.37, -206.77,1.000,1.000,0.979,0.906,0.972,0.952,0.913,0.996,0.894,0.886,0.969,0.923,0.958,0.984,0.733,0.983,0.978,0.994,0.989,0.981,0.992,0.997,0.987,0.988,0.987,0.839,0.987,0.982,0.987,0.942,0.988,0.996,0.981,0.948,1.000,0.961,0.985,0.995,0.954,0.986,0.951,0.995,0.997,1.000,1.000,1.000,1.000,1.000,1.000,1.000,1.000,1.000,1.000,1.000,1.000,1.000,1.000,1.000,1.000,1.000,1.000,1.000,1.000,1.000,1.000,1.000,1.000,0.997,1.000,0.999,1.000,1.000,1.000,1.000,1.000,1.000,1.000,1.000,1.000,1.000,1.000,1.000,1.000,1.000,1.000,1.000,1.000,1.000,1.000,1.000,1.000,1.000,1.000,1.000,1.000,1.000,1.000,1.000,1.000,1.000,1.000,1.000,1.000,1.000,1.000,1.000,1.000,0.979,0.992
 2.20,   36.74,-6313.46, -207.13,1.000,1.000,0.967,0.863,0.960,0.929,0.871,0.994,0.848,0.836,0.955,0.888,0.938,0.977,0.641,0.974,0.966,0.991,0.984,0.971,0.988,0.996,0.981,0.981,0.980,0.775,0.981,0.973,0.981,0.917,0.982,0.994,0.972,0.924,1.000,0.940,0.977,0.992,0.929,0.979,0.929,0.992,0.995,1.000,1.000,1.000,1.000,1.000,1.000,1.000,1.000,1.000,1.000,1.000,1.000,1.000,1.000,1.000,1.000,1.000,1.000,1.000,1.000,1.000,1.000,1.000,1.000,0.995,1.000,0.999,1.000,1.000,1.000,1.000,1.000,1.000,1.000,1.000,1.000,1.000,1.000,1.000,1.000,1.000,1.000,1.000,1.000,1.000,1.000,1.000,1.000,1.000,1.000,1.000,1.000,1.000,1.000,1.000,1.000,1.000,1.000,1.000,1.000,1.000,1.000,1.000,1.000,0.967,0.988
 2.40,   35.80,-6286.77, -207.63,1.000,1.000,0.949,0.804,0.943,0.897,0.814,0.992,0.788,0.770,0.935,0.840,0.910,0.966,0.538,0.961,0.950,0.986,0.976,0.956,0.982,0.994,0.971,0.972,0.971,0.695,0.973,0.959,0.973,0.884,0.974,0.992,0.959,0.892,1.000,0.910,0.965,0.988,0.894,0.969,0.897,0.988,0.993,1.000,1.000,1.000,1.000,1.000,1.000,1.000,1.000,1.000,1.000,1.000,1.000,1.000,1.000,1.000,1.000,1.000,1.000,1.000,1.000,1.000,1.000,1.000,1.000,0.993,0.999,0.999,1.000,1.000,1.000,1.000,1.000,1.000,1.000,1.000,1.000,1.000,1.000,1.000,1.000,1.000,1.000,1.000,1.000,1.000,1.000,1.000,1.000,1.000,1.000,1.000,1.000,1.000,1.000,1.000,1.000,1.000,1.000,1.000,1.000,1.000,1.000,1.000,1.000,0.949,0.982
 2.60,   34.64,-6260.38, -208.29,1.000,1.000,0.922,0.732,0.921,0.855,0.742,0.988,0.716,0.691,0.909,0.782,0.872,0.951,0.437,0.943,0.926,0.978,0.965,0.934,0.972,0.991,0.959,0.959,0.957,0.608,0.961,0.939,0.961,0.843,0.962,0.988,0.942,0.849,1.000,0.867,0.947,0.982,0.845,0.955,0.856,0.982,0.989,1.000,1.000,1.000,1.000,1.000,1.000,1.000,1.000,1.000,1.000,1.000,1.000,1.000,1.000,1.000,1.000,1.000,1.000,1.000,1.000,1.000,1.000,1.000,1.000,0.991,0.999,0.999,1.000,0.999,0.999,1.000,1.000,1.000,1.000,1.000,1.000,1.000,1.000,1.000,1.000,1.000,1.000,1.000,1.000,1.000,1.000,1.000,1.000,1.000,1.000,1.000,1.000,1.000,1.000,1.000,1.000,1.000,1.000,1.000,1.000,1.000,1.000,1.000,1.000,0.922,0.973
 2.80,   33.22,-6234.33, -209.07,1.000,1.000,0.881,0.647,0.895,0.801,0.656,0.984,0.635,0.602,0.875,0.713,0.824,0.932,0.343,0.919,0.894,0.966,0.949,0.903,0.959,0.988,0.941,0.940,0.938,0.517,0.946,0.911,0.945,0.795,0.946,0.982,0.920,0.795,1.000,0.810,0.922,0.972,0.779,0.936,0.802,0.973,0.984,1.000,1.000,1.000,1.000,1.000,1.000,1.000,1.000,1.000,1.000,1.000,1.000,1.000,1.000,1.000,1.000,1.000,1.000,1.000,1.000,1.000,1.000,1.000,1.000,0.988,0.998,0.998,0.999,0.999,0.999,1.000,1.000,1.000,1.000,1.000,1.000,1.000,1.000,1.000,1.000,1.000,1.000,1.000,1.000,1.000,1.000,1.000,1.000,1.000,1.000,1.000,1.000,1.000,1.000,1.000,1.000,1.000,1.000,1.000,1.000,1.000,1.000,1.000,1.000,0.881,0.961
 3.00,   31.62,-6208.70, -209.97,1.000,1.000,0.824,0.557,0.865,0.737,0.563,0.980,0.554,0.512,0.837,0.640,0.768,0.909,0.265,0.888,0.853,0.947,0.928,0.861,0.942,0.983,0.919,0.915,0.914,0.433,0.928,0.873,0.926,0.742,0.926,0.976,0.895,0.732,1.000,0.738,0.886,0.960,0.698,0.911,0.736,0.963,0.978,1.000,1.000,1.000,1.000,1.000,1.000,1.000,1.000,1.000,1.000,1.000,1.000,1.000,1.000,1.000,1.000,1.000,1.000,1.000,1.000,1.000,1.000,1.000,1.000,0.985,0.998,0.998,0.999,0.998,0.999,1.000,1.000,1.000,1.000,1.000,1.000,1.000,1.000,1.000,1.000,1.000,1.000,1.000,1.000,1.000,1.000,1.000,1.000,1.000,1.000,1.000,1.000,1.000,1.000,1.000,1.000,1.000,1.000,1.000,1.000,1.000,1.000,1.000,1.000,0.824,0.945
 3.20,   29.77,-6183.55, -210.91,1.000,1.000,0.747,0.466,0.827,0.662,0.467,0.974,0.473,0.422,0.789,0.563,0.702,0.880,0.201,0.848,0.802,0.918,0.900,0.806,0.918,0.977,0.891,0.882,0.883,0.354,0.904,0.823,0.901,0.682,0.899,0.967,0.863,0.659,1.000,0.651,0.839,0.942,0.603,0.879,0.657,0.950,0.968,1.000,1.000,1.000,1.000,1.000,1.000,1.000,1.000,1.000,1.000,1.000,1.000,1.000,1.000,1.000,1.000,1.000,1.000,1.000,1.000,1.000,1.000,1.000,1.000,0.982,0.997,0.998,0.998,0.997,0.999,1.000,1.000,1.000,1.000,1.000,1.000,1.000,1.000,1.000,1.000,1.000,1.000,1.000,1.000,1.000,1.000,1.000,1.000,1.000,1.000,1.000,1.000,1.000,1.000,1.000,1.000,1.000,1.000,1.000,1.000,1.000,1.000,1.000,1.000,0.747,0.923
 3.40,   27.67,-6158.93, -211.78,1.000,1.000,0.651,0.379,0.778,0.576,0.375,0.966,0.393,0.338,0.731,0.484,0.624,0.842,0.150,0.797,0.739,0.876,0.863,0.735,0.885,0.969,0.853,0.839,0.842,0.282,0.872,0.758,0.868,0.612,0.864,0.954,0.822,0.577,0.999,0.553,0.778,0.918,0.500,0.838,0.567,0.933,0.955,1.000,1.000,1.000,1.000,1.000,1.000,1.000,1.000,1.000,1.000,1.000,1.000,1.000,1.000,1.000,1.000,1.000,1.000,1.000,1.000,1.000,1.000,1.000,0.999,0.976,0.996,0.997,0.998,0.996,0.998,1.000,1.000,1.000,1.000,1.000,1.000,1.000,1.000,1.000,1.000,1.000,1.000,1.000,1.000,1.000,1.000,1.000,1.000,1.000,1.000,1.000,1.000,1.000,1.000,1.000,1.000,1.000,1.000,1.000,1.000,1.000,1.000,1.000,1.000,0.651,0.893
 3.60,   25.45,-6134.91, -212.48,1.000,0.999,0.540,0.305,0.721,0.488,0.296,0.958,0.324,0.266,0.668,0.412,0.542,0.797,0.111,0.740,0.669,0.817,0.816,0.652,0.842,0.959,0.808,0.786,0.794,0.223,0.834,0.681,0.829,0.543,0.821,0.939,0.774,0.494,0.999,0.454,0.704,0.887,0.400,0.788,0.474,0.913,0.939,1.000,1.000,1.000,1.000,1.000,1.000,1.000,1.000,1.000,1.000,1.000,1.000,1.000,1.000,1.000,1.000,1.000,1.000,1.000,1.000,1.000,1.000,1.000,0.999,0.971,0.994,0.997,0.997,0.995,0.997,1.000,1.000,1.000,1.000,1.000,1.000,1.000,1.000,1.000,1.000,1.000,1.000,1.000,1.000,1.000,1.000,1.000,1.000,1.000,1.000,1.000,1.000,1.000,1.000,1.000,1.000,1.000,1.000,1.000,1.000,1.000,1.000,1.000,1.000,0.540,0.857
 3.80,   23.21,-6111.50, -212.85,1.000,0.999,0.426,0.245,0.653,0.402,0.231,0.950,0.267,0.207,0.601,0.350,0.462,0.748,0.083,0.678,0.597,0.738,0.758,0.559,0.789,0.948,0.756,0.724,0.740,0.178,0.788,0.594,0.786,0.479,0.771,0.921,0.720,0.416,0.999,0.360,0.621,0.848,0.309,0.728,0.383,0.890,0.920,1.000,1.000,1.000,1.000,1.000,1.000,1.000,1.000,1.000,1.000,1.000,1.000,1.000,1.000,1.000,1.000,1.000,1.000,1.000,1.000,1.000,1.000,1.000,0.998,0.964,0.992,0.996,0.996,0.992,0.997,1.000,1.000,1.000,1.000,1.000,1.000,1.000,1.000,1.000,1.000,1.000,1.000,1.000,1.000,1.000,1.000,1.000,1.000,1.000,1.000,1.000,1.000,1.000,1.000,1.000,1.000,1.000,1.000,1.000,1.000,1.000,1.000,1.000,1.000,0.426,0.815
 4.00,   20.85,-6088.72, -212.78,1.000,0.999,0.319,0.196,0.574,0.321,0.177,0.940,0.216,0.158,0.528,0.292,0.382,0.690,0.060,0.609,0.522,0.640,0.689,0.463,0.724,0.934,0.693,0.652,0.677,0.140,0.731,0.500,0.732,0.415,0.711,0.898,0.655,0.341,0.998,0.275,0.530,0.799,0.231,0.657,0.300,0.863,0.895,1.000,1.000,1.000,1.000,1.000,1.000,1.000,1.000,1.000,1.000,1.000,1.000,1.000,1.000,1.000,1.000,1.000,1.000,1.000,1.000,1.000,1.000,1.000,0.997,0.956,0.990,0.996,0.994,0.988,0.996,1.000,1.000,1.000,1.000,1.000,1.000,1.000,1.000,1.000,1.000,1.000,1.000,1.000,1.000,1.000,1.000,1.000,1.000,1.000,1.000,1.000,1.000,1.000,1.000,1.000,1.000,1.000,1.000,1.000,1.000,1.000,1.000,1.000,1.000,0.319,0.763
 4.20,   18.48,-6066.59, -212.24,1.000,0.999,0.228,0.156,0.488,0.249,0.135,0.929,0.174,0.119,0.454,0.242,0.308,0.625,0.044,0.538,0.448,0.529,0.610,0.369,0.649,0.918,0.622,0.574,0.609,0.110,0.665,0.406,0.671,0.355,0.644,0.870,0.581,0.275,0.998,0.205,0.439,0.738,0.168,0.576,0.228,0.832,0.865,1.000,1.000,1.000,1.000,1.000,1.000,1.000,1.000,1.000,1.000,1.000,1.000,1.000,1.000,1.000,1.000,1.000,1.000,1.000,1.000,1.000,1.000,1.000,0.995,0.945,0.987,0.995,0.991,0.983,0.994,1.000,1.000,1.000,1.000,1.000,1.000,1.000,1.000,1.000,1.000,1.000,1.000,1.000,1.000,1.000,1.000,1.000,1.000,1.000,1.000,1.000,1.000,1.000,1.000,1.000,1.000,1.000,1.000,1.000,1.000,1.000,1.000,1.000,1.000,0.228,0.704
 4.40,   16.07,-6045.11, -211.24,1.000,0.998,0.157,0.123,0.399,0.188,0.102,0.913,0.137,0.087,0.379,0.197,0.242,0.553,0.031,0.460,0.373,0.415,0.523,0.283,0.564,0.897,0.544,0.490,0.535,0.084,0.587,0.318,0.598,0.296,0.566,0.834,0.498,0.216,0.997,0.148,0.353,0.665,0.119,0.488,0.168,0.792,0.825,1.000,1.000,1.000,1.000,1.000,1.000,1.000,1.000,1.000,1.000,1.000,1.000,1.000,1.000,1.000,1.000,1.000,1.000,1.000,1.000,1.000,1.000,1.000,0.993,0.930,0.983,0.994,0.988,0.975,0.992,1.000,1.000,1.000,1.000,1.000,1.000,1.000,1.000,1.000,1.000,1.000,1.000,1.000,1.000,1.000,1.000,1.000,1.000,1.000,1.000,1.000,1.000,1.000,1.000,1.000,1.000,1.000,1.000,1.000,1.000,1.000,1.000,1.000,1.000,0.157,0.634
 4.60,   13.87,-6024.27, -209.86,1.000,0.997,0.105,0.096,0.316,0.139,0.077,0.900,0.108,0.064,0.311,0.160,0.188,0.485,0.022,0.395,0.313,0.309,0.436,0.211,0.477,0.874,0.465,0.410,0.463,0.066,0.506,0.242,0.530,0.253,0.492,0.794,0.416,0.168,0.996,0.105,0.277,0.583,0.084,0.400,0.123,0.753,0.784,1.000,1.000,1.000,1.000,1.000,1.000,1.000,1.000,1.000,1.000,1.000,1.000,1.000,1.000,1.000,1.000,1.000,1.000,1.000,1.000,1.000,1.000,1.000,0.989,0.915,0.979,0.994,0.983,0.963,0.989,1.000,1.000,1.000,1.000,1.000,1.000,1.000,1.000,1.000,1.000,1.000,1.000,1.000,1.000,1.000,1.000,1.000,1.000,1.000,1.000,1.000,1.000,1.000,1.000,1.000,1.000,1.000,1.000,1.000,1.000,1.000,1.000,1.000,1.000,0.105,0.568
 4.80,   11.72,-6004.02, -208.22,0.999,0.996,0.069,0.074,0.240,0.101,0.058,0.881,0.083,0.046,0.248,0.126,0.141,0.413,0.016,0.329,0.256,0.220,0.350,0.152,0.391,0.844,0.384,0.333,0.389,0.051,0.421,0.180,0.455,0.210,0.414,0.745,0.334,0.128,0.994,0.073,0.212,0.492,0.059,0.315,0.087,0.702,0.733,1.000,1.000,1.000,1.000,1.000,1.000,1.000,1.000,1.000,1.000,1.000,1.000,1.000,1.000,1.000,1.000,1.000,1.000,1.000,1.000,1.000,1.000,1.000,0.982,0.893,0.973,0.993,0.977,0.945,0.985,1.000,1.000,1.000,1.000,1.000,1.000,1.000,1.000,1.000,1.000,1.000,1.000,1.000,1.000,1.000,1.000,1.000,1.000,1.000,1.000,1.000,1.000,1.000,1.000,1.000,1.000,1.000,1.000,1.000,1.000,1.000,1.000,1.000,1.000,0.069,0.496
 5.00,    9.71,-5984.35, -206.48,0.999,0.994,0.045,0.055,0.177,0.072,0.043,0.857,0.063,0.033,0.192,0.098,0.104,0.345,0.011,0.269,0.207,0.151,0.272,0.107,0.311,0.805,0.308,0.262,0.318,0.039,0.338,0.131,0.382,0.173,0.340,0.685,0.258,0.095,0.992,0.050,0.159,0.398,0.040,0.240,0.061,0.643,0.672,1.000,1.000,1.000,1.000,1.000,1.000,1.000,1.000,1.000,1.000,1.000,1.000,1.000,1.000,1.000,1.000,1.000,1.000,1.000,1.000,1.000,1.000,1.000,0.972,0.864,0.964,0.991,0.967,0.920,0.979,1.000,1.000,1.000,1.000,1.000,1.000,1.000,1.000,1.000,1.000,1.000,1.000,1.000,1.000,1.000,1.000,1.000,1.000,1.000,1.000,1.000,1.000,1.000,1.000,1.000,1.000,1.000,1.000,1.000,1.000,1.000,1.000,1.000,1.000,0.045,0.426
 5.20,    7.86,-5965.20, -204.75,0.998,0.992,0.029,0.040,0.126,0.050,0.031,0.827,0.047,0.023,0.145,0.073,0.075,0.282,0.007,0.216,0.164,0.101,0.204,0.074,0.242,0.754,0.239,0.200,0.251,0.029,0.262,0.094,0.314,0.141,0.273,0.615,0.193,0.069,0.989,0.034,0.117,0.309,0.028,0.177,0.042,0.575,0.603,1.000,1.000,1.000,1.000,1.000,1.000,1.000,1.000,1.000,1.000,1.000,1.000,1.000,1.000,1.000,1.000,1.000,1.000,1.000,1.000,1.000,1.000,1.000,0.956,0.828,0.952,0.990,0.953,0.884,0.970,1.000,1.000,1.000,1.000,1.000,1.000,1.000,1.000,1.000,1.000,1.000,1.000,1.000,1.000,1.000,1.000,1.000,1.000,1.000,1.000,1.000,1.000,1.000,1.000,1.000,1.000,1.000,1.000,1.000,1.000,1.000,1.000,1.000,1.000,0.029,0.359
 5.40,    6.13,-5946.55, -203.14,0.997,0.988,0.018,0.028,0.088,0.034,0.022,0.785,0.034,0.016,0.106,0.054,0.053,0.224,0.005,0.168,0.126,0.066,0.149,0.050,0.184,0.689,0.179,0.148,0.192,0.022,0.196,0.068,0.250,0.111,0.212,0.534,0.139,0.049,0.984,0.023,0.083,0.231,0.019,0.126,0.029,0.496,0.521,1.000,1.000,1.000,1.000,1.000,1.000,1.000,1.000,1.000,1.000,1.000,1.000,1.000,1.000,1.000,1.000,0.999,1.000,1.000,1.000,1.000,1.000,1.000,0.932,0.778,0.934,0.988,0.933,0.833,0.957,1.000,1.000,1.000,1.000,1.000,1.000,1.000,1.000,1.000,1.000,1.000,1.000,1.000,1.000,1.000,1.000,1.000,1.000,1.000,1.000,1.000,1.000,1.000,1.000,1.000,1.000,1.000,1.000,1.000,1.000,1.000,1.000,1.000,1.000,0.018,0.294
 5.60,    4.62,-5928.34, -201.68,0.996,0.982,0.012,0.019,0.060,0.023,0.016,0.738,0.024,0.011,0.077,0.038,0.037,0.177,0.003,0.132,0.098,0.043,0.106,0.033,0.140,0.611,0.131,0.106,0.143,0.017,0.144,0.049,0.201,0.090,0.164,0.451,0.098,0.035,0.976,0.016,0.059,0.166,0.013,0.089,0.020,0.420,0.443,1.000,1.000,1.000,1.000,1.000,1.000,1.000,1.000,1.000,1.000,1.000,1.000,1.000,1.000,1.000,1.000,0.999,1.000,1.000,1.000,1.000,1.000,1.000,0.897,0.720,0.909,0.985,0.904,0.767,0.938,1.000,1.000,1.000,1.000,1.000,1.000,1.000,1.000,1.000,1.000,1.000,1.000,1.000,1.000,1.000,1.000,1.000,1.000,1.000,1.000,1.000,1.000,1.000,1.000,1.000,1.000,1.000,1.000,1.000,1.000,1.000,1.000,1.000,1.000,0.012,0.241
 5.80,    3.26,-5910.52, -200.38,0.994,0.973,0.007,0.013,0.040,0.015,0.011,0.685,0.017,0.007,0.055,0.027,0.025,0.139,0.002,0.104,0.076,0.027,0.074,0.022,0.105,0.520,0.093,0.075,0.104,0.013,0.104,0.036,0.164,0.074,0.127,0.370,0.067,0.024,0.966,0.010,0.041,0.117,0.009,0.061,0.014,0.349,0.368,1.000,1.000,1.000,1.000,1.000,1.000,1.000,1.000,1.000,1.000,1.000,1.000,1.000,1.000,1.000,1.000,0.998,1.000,1.000,1.000,1.000,1.000,1.000,0.846,0.654,0.875,0.981,0.864,0.684,0.912,1.000,1.000,1.000,1.000,1.000,1.000,1.000,1.000,1.000,1.000,1.000,1.000,1.000,1.000,1.000,1.000,1.000,1.000,1.000,1.000,1.000,1.000,1.000,1.000,1.000,1.000,1.000,1.000,1.000,1.000,1.000,1.000,1.000,1.000,0.007,0.198
 6.00,    1.95,-5893.07, -199.26,0.990,0.960,0.005,0.009,0.027,0.010,0.008,0.616,0.012,0.005,0.038,0.018,0.017,0.106,0.002,0.078,0.057,0.017,0.051,0.014,0.078,0.423,0.065,0.052,0.073,0.010,0.074,0.027,0.130,0.060,0.095,0.290,0.045,0.017,0.952,0.007,0.028,0.081,0.006,0.042,0.009,0.276,0.292,1.000,1.000,1.000,1.000,1.000,1.000,1.000,1.000,1.000,1.000,1.000,1.000,1.000,1.000,1.000,1.000,0.997,1.000,1.000,1.000,1.000,1.000,1.000,0.776,0.573,0.827,0.975,0.809,0.586,0.874,1.000,1.000,1.000,1.000,1.000,1.000,1.000,1.000,1.000,1.000,1.000,1.000,1.000,1.000,1.000,1.000,1.000,1.000,1.000,1.000,1.000,1.000,1.000,1.000,1.000,1.000,1.000,1.000,1.000,1.000,1.000,1.000,1.000,1.000,0.005,0.156
 6.20,    0.69,-5875.97, -198.28,0.984,0.939,0.003,0.006,0.017,0.007,0.005,0.530,0.008,0.003,0.026,0.012,0.011,0.079,0.001,0.057,0.041,0.011,0.034,0.009,0.057,0.327,0.044,0.035,0.050,0.007,0.051,0.021,0.099,0.046,0.068,0.218,0.030,0.011,0.930,0.005,0.019,0.055,0.004,0.029,0.006,0.208,0.220,1.000,1.000,1.000,1.000,1.000,1.000,1.000,1.000,1.000,1.000,1.000,1.000,1.000,0.999,1.000,1.000,0.996,1.000,1.000,1.000,1.000,1.000,1.000,0.686,0.479,0.761,0.967,0.737,0.480,0.821,1.000,1.000,1.000,1.000,1.000,1.000,1.000,1.000,1.000,1.000,1.000,1.000,1.000,1.000,1.000,1.000,1.000,1.000,1.000,1.000,1.000,1.000,1.000,1.000,1.000,1.000,1.000,1.000,1.000,1.000,1.000,1.000,1.000,1.000,0.003,0.118
 6.40,   -0.44,-5859.20, -197.42,0.975,0.910,0.002,0.004,0.011,0.004,0.004,0.450,0.006,0.002,0.018,0.008,0.007,0.059,0.001,0.041,0.030,0.007,0.023,0.006,0.041,0.243,0.030,0.023,0.034,0.005,0.035,0.016,0.079,0.036,0.050,0.161,0.020,0.008,0.901,0.003,0.013,0.037,0.003,0.019,0.004,0.155,0.165,1.000,1.000,1.000,1.000,1.000,1.000,1.000,1.000,1.000,1.000,1.000,1.000,1.000,0.999,1.000,1.000,0.993,1.000,1.000,1.000,1.000,1.000,1.000,0.580,0.392,0.681,0.956,0.650,0.377,0.753,1.000,1.000,1.000,1.000,1.000,1.000,1.000,1.000,1.000,1.000,1.000,1.000,1.000,1.000,1.000,1.000,1.000,1.000,1.000,1.000,1.000,1.000,1.000,1.000,1.000,1.000,1.000,1.000,1.000,1.000,1.000,1.000,1.000,1.000,0.002,0.089
 6.60,   -1.50,-5842.73, -196.65,0.962,0.866,0.001,0.003,0.007,0.003,0.002,0.369,0.004,0.001,0.012,0.005,0.005,0.044,0.000,0.029,0.021,0.004,0.016,0.004,0.029,0.174,0.020,0.015,0.023,0.004,0.024,0.012,0.062,0.029,0.036,0.116,0.013,0.005,0.861,0.002,0.008,0.025,0.002,0.013,0.003,0.112,0.119,0.999,1.000,1.000,1.000,1.000,1.000,1.000,1.000,1.000,1.000,1.000,1.000,1.000,0.999,1.000,1.000,0.989,1.000,1.000,1.000,1.000,1.000,1.000,0.466,0.308,0.587,0.940,0.550,0.285,0.669,1.000,1.000,1.000,1.000,1.000,1.000,1.000,1.000,1.000,1.000,1.000,1.000,1.000,1.000,1.000,1.000,1.000,1.000,1.000,1.000,1.000,1.000,1.000,1.000,1.000,1.000,1.000,1.000,1.000,1.000,1.000,1.000,1.000,1.000,0.001,0.065
 6.80,   -2.49,-5826.54, -195.93,0.941,0.806,0.001,0.002,0.005,0.002,0.002,0.293,0.003,0.001,0.009,0.003,0.003,0.033,0.000,0.020,0.015,0.003,0.011,0.003,0.020,0.120,0.013,0.010,0.015,0.003,0.017,0.009,0.048,0.022,0.025,0.082,0.008,0.003,0.808,0.001,0.006,0.017,0.001,0.009,0.002,0.078,0.084,0.999,1.000,1.000,0.999,1.000,1.000,1.000,1.000,1.000,1.000,1.000,1.000,1.000,0.998,1.000,1.000,0.983,1.000,1.000,1.000,1.000,1.000,1.000,0.355,0.234,0.485,0.918,0.445,0.207,0.570,1.000,1.000,1.000,1.000,1.000,1.000,1.000,1.000,1.000,1.000,1.000,1.000,1.000,1.000,1.000,1.000,1.000,1.000,1.000,1.000,1.000,1.000,1.000,1.000,1.000,1.000,1.000,1.000,1.000,1.000,1.000,1.000,1.000,1.000,0.001,0.047
 7.00,   -3.40,-5810.61, -195.28,0.909,0.726,0.000,0.001,0.003,0.001,0.001,0.224,0.002,0.001,0.006,0.002,0.002,0.025,0.000,0.014,0.010,0.002,0.007,0.002,0.013,0.082,0.009,0.007,0.010,0.002,0.011,0.007,0.036,0.016,0.018,0.057,0.005,0.002,0.740,0.001,0.004,0.011,0.001,0.006,0.002,0.054,0.057,0.999,1.000,1.000,0.999,1.000,1.000,1.000,1.000,1.000,1.000,0.999,1.000,1.000,0.998,1.000,1.000,0.973,1.000,1.000,1.000,1.000,1.000,1.000,0.257,0.172,0.382,0.886,0.345,0.147,0.465,1.000,1.000,0.999,1.000,1.000,1.000,1.000,1.000,1.000,1.000,1.000,1.000,1.000,1.000,1.000,1.000,1.000,1.000,1.000,1.000,1.000,1.000,1.000,1.000,1.000,1.000,1.000,1.000,1.000,1.000,1.000,1.000,1.000,1.000,0.000,0.032
 7.20,   -4.22,-5794.92, -194.68,0.863,0.629,0.000,0.001,0.002,0.001,0.001,0.168,0.001,0.000,0.004,0.001,0.001,0.019,0.000,0.010,0.007,0.001,0.005,0.001,0.009,0.055,0.006,0.004,0.007,0.002,0.008,0.005,0.027,0.012,0.012,0.039,0.003,0.002,0.659,0.001,0.003,0.008,0.001,0.004,0.001,0.037,0.039,0.998,1.000,1.000,0.999,1.000,1.000,1.000,1.000,1.000,1.000,0.999,1.000,1.000,0.997,1.000,0.999,0.957,1.000,1.000,1.000,1.000,1.000,1.000,0.180,0.124,0.290,0.844,0.257,0.101,0.363,0.999,1.000,0.999,0.999,1.000,1.000,1.000,1.000,1.000,1.000,1.000,1.000,1.000,1.000,0.999,1.000,0.999,1.000,1.000,1.000,1.000,1.000,1.000,1.000,1.000,1.000,1.000,1.000,1.000,1.000,1.000,1.000,1.000,1.000,0.000,0.022
 7.40,   -4.97,-5779.45, -194.12,0.799,0.518,0.000,0.000,0.001,0.001,0.000,0.120,0.001,0.000,0.003,0.001,0.001,0.014,0.000,0.006,0.004,0.001,0.003,0.001,0.006,0.036,0.004,0.003,0.004,0.001,0.005,0.003,0.019,0.009,0.008,0.027,0.002,0.001,0.562,0.000,0.002,0.005,0.000,0.003,0.001,0.024,0.026,0.996,1.000,1.000,0.998,1.000,1.000,1.000,1.000,1.000,1.000,0.998,1.000,1.000,0.995,1.000,0.999,0.934,1.000,1.000,1.000,1.000,1.000,1.000,0.121,0.086,0.210,0.785,0.184,0.069,0.269,0.999,0.999,0.999,0.999,1.000,1.000,0.999,1.000,1.000,0.999,1.000,1.000,1.000,1.000,0.999,1.000,0.999,1.000,1.000,1.000,1.000,1.000,1.000,1.000,1.000,1.000,1.000,1.000,1.000,1.000,1.000,1.000,1.000,1.000,0.000,0.015
 7.60,   -5.63,-5764.16, -193.59,0.715,0.406,0.000,0.000,0.001,0.000,0.000,0.084,0.001,0.000,0.002,0.001,0.001,0.011,0.000,0.004,0.003,0.000,0.002,0.000,0.004,0.023,0.002,0.002,0.003,0.001,0.003,0.002,0.013,0.006,0.005,0.018,0.001,0.001,0.460,0.000,0.001,0.003,0.000,0.002,0.001,0.016,0.017,0.994,1.000,1.000,0.997,1.000,1.000,1.000,1.000,1.000,1.000,0.997,1.000,1.000,0.993,1.000,0.999,0.899,1.000,1.000,1.000,1.000,1.000,1.000,0.080,0.059,0.147,0.710,0.128,0.046,0.192,0.998,0.999,0.998,0.999,1.000,1.000,0.999,1.000,1.000,0.999,1.000,0.999,1.000,0.999,0.999,1.000,0.998,1.000,1.000,1.000,1.000,1.000,1.000,1.000,1.000,1.000,1.000,1.000,1.000,1.000,1.000,1.000,1.000,1.000,0.000,0.010
 7.80,   -6.21,-5749.05, -193.06,0.613,0.303,0.000,0.000,0.001,0.000,0.000,0.058,0.001,0.000,0.001,0.000,0.000,0.008,0.000,0.003,0.002,0.000,0.002,0.000,0.002,0.015,0.002,0.001,0.002,0.000,0.002,0.002,0.009,0.004,0.004,0.012,0.001,0.000,0.359,0.000,0.001,0.002,0.000,0.001,0.000,0.010,0.011,0.991,1.000,1.000,0.995,1.000,0.999,1.000,1.000,1.000,1.000,0.996,1.000,1.000,0.989,1.000,0.998,0.849,1.000,1.000,1.000,1.000,1.000,1.000,0.052,0.039,0.100,0.619,0.087,0.030,0.133,0.997,0.998,0.997,0.998,1.000,1.000,0.999,1.000,1.000,0.999,1.000,0.999,1.000,0.999,0.998,1.000,0.998,1.000,0.999,0.999,1.000,1.000,1.000,1.000,1.000,1.000,1.000,1.000,1.000,1.000,1.000,1.000,1.000,1.000,0.000,0.006
 8.00,   -6.69,-5734.09, -192.50,0.500,0.216,0.000,0.000,0.000,0.000,0.000,0.039,0.000,0.000,0.001,0.000,0.000,0.006,0.000,0.002,0.001,0.000,0.001,0.000,0.002,0.010,0.001,0.001,0.001,0.000,0.001,0.001,0.006,0.003,0.002,0.008,0.001,0.000,0.269,0.000,0.000,0.001,0.000,0.001,0.000,0.007,0.007,0.986,0.999,1.000,0.993,1.000,0.999,1.000,1.000,1.000,1.000,0.994,1.000,1.000,0.984,1.000,0.997,0.780,1.000,1.000,1.000,1.000,1.000,1.000,0.034,0.026,0.067,0.516,0.058,0.020,0.090,0.996,0.998,0.995,0.997,0.999,0.999,0.998,1.000,1.000,0.998,1.000,0.998,1.000,0.999,0.997,1.000,0.997,1.000,0.999,0.999,1.000,1.000,1.000,1.000,1.000,1.000,1.000,1.000,1.000,1.000,1.000,1.000,1.000,1.000,0.000,0.004
 8.20,   -7.10,-5719.24, -191.82,0.387,0.149,0.000,0.000,0.000,0.000,0.000,0.026,0.000,0.000,0.001,0.000,0.000,0.005,0.000,0.001,0.001,0.000,0.001,0.000,0.001,0.006,0.001,0.000,0.001,0.000,0.001,0.001,0.004,0.002,0.002,0.005,0.000,0.000,0.195,0.000,0.000,0.001,0.000,0.001,0.000,0.004,0.004,0.978,0.999,1.000,0.988,1.000,0.998,1.000,0.999,1.000,1.000,0.990,1.000,1.000,0.975,1.000,0.996,0.691,1.000,0.999,1.000,1.000,1.000,1.000,0.021,0.017,0.044,0.410,0.038,0.013,0.059,0.994,0.996,0.993,0.995,0.999,0.999,0.997,0.999,1.000,0.998,1.000,0.998,1.000,0.998,0.995,0.999,0.995,1.000,0.999,0.998,1.000,1.000,1.000,1.000,1.000,1.000,1.000,1.000,1.000,1.000,1.000,1.000,1.000,1.000,0.000,0.003
 8.40,   -7.45,-5704.50, -190.99,0.285,0.100,0.000,0.000,0.000,0.000,0.000,0.017,0.000,0.000,0.001,0.000,0.000,0.003,0.000,0.001,0.000,0.000,0.000,0.000,0.001,0.004,0.000,0.000,0.001,0.000,0.001,0.000,0.003,0.001,0.001,0.003,0.000,0.000,0.136,0.000,0.000,0.001,0.000,0.000,0.000,0.003,0.003,0.965,0.999,0.999,0.982,0.999,0.998,1.000,0.999,1.000,1.000,0.985,1.000,1.000,0.962,0.999,0.994,0.585,1.000,0.999,1.000,1.000,1.000,1.000,0.014,0.011,0.029,0.310,0.025,0.008,0.039,0.990,0.994,0.989,0.992,0.998,0.999,0.995,0.999,1.000,0.997,1.000,0.996,1.000,0.997,0.993,0.999,0.992,0.999,0.998,0.998,1.000,1.000,1.000,1.000,1.000,1.000,1.000,1.000,1.000,1.000,1.000,1.000,1.000,1.000,0.000,0.002
 8.60,   -7.75,-5689.85, -189.94,0.201,0.066,0.000,0.000,0.000,0.000,0.000,0.011,0.000,0.000,0.000,0.000,0.000,0.002,0.000,0.000,0.000,0.000,0.000,0.000,0.000,0.003,0.000,0.000,0.000,0.000,0.000,0.000,0.002,0.001,0.001,0.002,0.000,0.000,0.093,0.000,0.000,0.000,0.000,0.000,0.000,0.002,0.002,0.946,0.998,0.999,0.972,0.999,0.996,0.999,0.999,1.000,1.000,0.976,1.000,1.000,0.941,0.999,0.991,0.471,1.000,0.999,1.000,1.000,1.000,1.000,0.009,0.007,0.019,0.224,0.016,0.005,0.025,0.984,0.991,0.983,0.988,0.997,0.998,0.992,0.998,1.000,0.995,1.000,0.994,1.000,0.995,0.989,0.999,0.988,0.999,0.997,0.996,1.000,1.000,1.000,1.000,1.000,1.000,1.000,1.000,1.000,1.000,1.000,1.000,1.000,1.000,0.000,0.001
 8.80,   -8.04,-5675.28, -188.61,0.137,0.043,0.000,0.000,0.000,0.000,0.000,0.007,0.000,0.000,0.000,0.000,0.000,0.002,0.000,0.000,0.000,0.000,0.000,0.000,0.000,0.002,0.000,0.000,0.000,0.000,0.000,0.000,0.001,0.000,0.000,0.001,0.000,0.000,0.062,0.000,0.000,0.000,0.000,0.000,0.000,0.001,0.001,0.916,0.997,0.998,0.956,0.999,0.994,0.999,0.998,1.000,1.000,0.963,1.000,1.000,0.911,0.998,0.986,0.360,1.000,0.998,1.000,1.000,1.000,1.000,0.005,0.005,0.012,0.156,0.010,0.003,0.016,0.975,0.986,0.973,0.981,0.995,0.997,0.987,0.997,1.000,0.992,1.000,0.991,1.000,0.992,0.983,0.998,0.981,0.998,0.995,0.994,0.999,1.000,1.000,1.000,1.000,1.000,1.000,1.000,1.000,1.000,1.000,1.000,1.000,1.000,0.000,0.001
 9.00,   -8.34,-5660.79, -186.97,0.091,0.028,0.000,0.000,0.000,0.000,0.000,0.005,0.000,0.000,0.000,0.000,0.000,0.001,0.000,0.000,0.000,0.000,0.000,0.000,0.000,0.001,0.000,0.000,0.000,0.000,0.000,0.000,0.001,0.000,0.000,0.001,0.000,0.000,0.041,0.000,0.000,0.000,0.000,0.000,0.000,0.001,0.001,0.874,0.995,0.997,0.933,0.998,0.991,0.998,0.997,1.000,1.000,0.943,1.000,1.000,0.868,0.997,0.978,0.262,1.000,0.997,1.000,1.000,1.000,1.000,0.003,0.003,0.008,0.106,0.007,0.002,0.011,0.962,0.978,0.959,0.971,0.993,0.995,0.980,0.996,1.000,0.988,0.999,0.986,1.000,0.987,0.974,0.997,0.971,0.997,0.992,0.991,0.999,1.000,1.000,1.000,1.000,0.999,1.000,1.000,1.000,1.000,0.999,1.000,1.000,1.000,0.000,0.000
 9.20,   -8.70,-5646.39, -184.95,0.059,0.018,0.000,0.000,0.000,0.000,0.000,0.003,0.000,0.000,0.000,0.000,0.000,0.001,0.000,0.000,0.000,0.000,0.000,0.000,0.000,0.001,0.000,0.000,0.000,0.000,0.000,0.000,0.000,0.000,0.000,0.001,0.000,0.000,0.027,0.000,0.000,0.000,0.000,0.000,0.000,0.000,0.000,0.814,0.992,0.996,0.898,0.997,0.986,0.998,0.995,0.999,1.000,0.913,1.000,1.000,0.808,0.996,0.967,0.183,1.000,0.996,1.000,1.000,1.000,1.000,0.002,0.002,0.005,0.071,0.004,0.001,0.007,0.941,0.965,0.938,0.956,0.989,0.993,0.969,0.993,0.999,0.981,0.999,0.979,0.999,0.980,0.960,0.995,0.957,0.996,0.987,0.985,0.998,1.000,1.000,1.000,1.000,0.999,1.000,1.000,1.000,1.000,0.999,1.000,1.000,1.000,0.000,0.000
 9.40,   -9.16,-5632.11, -182.51,0.038,0.012,0.000,0.000,0.000,0.000,0.000,0.002,0.000,0.000,0.000,0.000,0.000,0.000,0.000,0.000,0.000,0.000,0.000,0.000,0.000,0.000,0.000,0.000,0.000,0.000,0.000,0.000,0.000,0.000,0.000,0.000,0.000,0.000,0.018,0.000,0.000,0.000,0.000,0.000,0.000,0.000,0.000,0.734,0.988,0.994,0.850,0.996,0.980,0.996,0.992,0.999,0.999,0.871,1.000,1.000,0.730,0.994,0.949,0.124,1.000,0.993,1.000,1.000,1.000,1.000,0.001,0.001,0.003,0.047,0.003,0.001,0.004,0.909,0.947,0.907,0.933,0.984,0.989,0.952,0.989,0.999,0.971,0.998,0.967,0.999,0.969,0.939,0.992,0.936,0.993,0.981,0.977,0.997,1.000,1.000,1.000,1.000,0.999,1.000,1.000,1.000,1.000,0.999,1.000,1.000,1.000,0.000,0.000
 9.60,   -9.75,-5617.97, -179.54,0.025,0.008,0.000,0.000,0.000,0.000,0.000,0.001,0.000,0.000,0.000,0.000,0.000,0.000,0.000,0.000,0.000,0.000,0.000,0.000,0.000,0.000,0.000,0.000,0.000,0.000,0.000,0.000,0.000,0.000,0.000,0.000,0.000,0.000,0.012,0.000,0.000,0.000,0.000,0.000,0.000,0.000,0.000,0.635,0.981,0.991,0.784,0.993,0.971,0.994,0.989,0.999,0.999,0.812,1.000,1.000,0.637,0.991,0.925,0.082,1.000,0.990,1.000,1.000,1.000,1.000,0.001,0.001,0.002,0.031,0.002,0.001,0.003,0.863,0.920,0.865,0.901,0.976,0.984,0.928,0.983,0.998,0.956,0.997,0.949,0.998,0.953,0.909,0.987,0.906,0.990,0.970,0.965,0.996,1.000,1.000,1.000,0.999,0.998,0.999,1.000,1.000,1.000,0.998,1.000,1.000,1.000,0.000,0.000
 9.80,  -10.52,-5604.01, -175.96,0.016,0.005,0.000,0.000,0.000,0.000,0.000,0.001,0.000,0.000,0.000,0.000,0.000,0.000,0.000,0.000,0.000,0.000,0.000,0.000,0.000,0.000,0.000,0.000,0.000,0.000,0.000,0.000,0.000,0.000,0.000,0.000,0.000,0.000,0.008,0.000,0.000,0.000,0.000,0.000,0.000,0.000,0.000,0.523,0.972,0.988,0.701,0.990,0.959,0.991,0.983,0.998,0.998,0.736,1.000,1.000,0.534,0.987,0.890,0.053,1.000,0.984,1.000,1.000,1.000,1.000,0.001,0.001,0.001,0.020,0.001,0.000,0.002,0.799,0.882,0.810,0.856,0.965,0.975,0.893,0.974,0.997,0.934,0.996,0.924,0.998,0.930,0.868,0.981,0.865,0.984,0.955,0.946,0.994,1.000,1.000,1.000,0.999,0.997,0.999,1.000,1.000,1.000,0.997,1.000,1.000,1.000,0.000,0.000
10.00,  -11.51,-5590.30, -171.73,0.010,0.003,0.000,0.000,0.000,0.000,0.000,0.001,0.000,0.000,0.000,0.000,0.000,0.000,0.000,0.000,0.000,0.000,0.000,0.000,0.000,0.000,0.000,0.000,0.000,0.000,0.000,0.000,0.000,0.000,0.000,0.000,0.000,0.000,0.005,0.000,0.000,0.000,0.000,0.000,0.000,0.000,0.000,0.409,0.960,0.983,0.602,0.985,0.943,0.987,0.975,0.997,0.998,0.644,1.000,1.000,0.428,0.981,0.843,0.034,0.999,0.976,1.000,1.000,1.000,1.000,0.000,0.000,0.001,0.014,0.001,0.000,0.001,0.715,0.829,0.738,0.797,0.949,0.963,0.845,0.961,0.996,0.903,0.994,0.887,0.996,0.896,0.812,0.971,0.810,0.976,0.933,0.919,0.990,0.999,1.000,1.000,0.999,0.995,0.998,1.000,1.000,1.000,0.995,1.000,1.000,1.000,0.000,0.000
10.20,  -12.70,-5576.88, -166.81,0.006,0.002,0.000,0.000,0.000,0.000,0.000,0.000,0.000,0.000,0.000,0.000,0.000,0.000,0.000,0.000,0.000,0.000,0.000,0.000,0.000,0.000,0.000,0.000,0.000,0.000,0.000,0.000,0.000,0.000,0.000,0.000,0.000,0.000,0.004,0.000,0.000,0.000,0.000,0.000,0.000,0.000,0.000,0.304,0.943,0.978,0.498,0.978,0.924,0.980,0.965,0.996,0.997,0.543,1.000,0.999,0.333,0.973,0.782,0.022,0.999,0.965,1.000,1.000,1.000,1.000,0.000,0.000,0.001,0.009,0.001,0.000,0.001,0.613,0.762,0.657,0.724,0.929,0.947,0.784,0.941,0.994,0.860,0.990,0.838,0.995,0.849,0.741,0.958,0.741,0.963,0.902,0.880,0.984,0.999,0.999,1.000,0.998,0.992,0.998,1.000,1.000,1.000,0.993,1.000,1.000,1.000,0.000,0.000
10.40,  -14.09,-5563.82, -161.24,0.004,0.002,0.000,0.000,0.000,0.000,0.000,0.000,0.000,0.000,0.000,0.000,0.000,0.000,0.000,0.000,0.000,0.000,0.000,0.000,0.000,0.000,0.000,0.000,0.000,0.000,0.000,0.000,0.000,0.000,0.000,0.000,0.000,0.000,0.002,0.000,0.000,0.000,0.000,0.000,0.000,0.000,0.000,0.216,0.923,0.972,0.395,0.969,0.900,0.971,0.951,0.993,0.995,0.440,0.999,0.999,0.252,0.963,0.707,0.014,0.999,0.950,1.000,1.000,1.000,1.000,0.000,0.000,0.000,0.006,0.000,0.000,0.001,0.500,0.680,0.568,0.639,0.902,0.924,0.708,0.913,0.990,0.806,0.986,0.775,0.992,0.789,0.658,0.939,0.657,0.943,0.860,0.827,0.975,0.999,0.999,0.999,0.997,0.987,0.997,1.000,1.000,1.000,0.990,1.000,0.999,1.000,0.000,0.000
10.60,  -15.66,-5551.17, -155.13,0.003,0.001,0.000,0.000,0.000,0.000,0.000,0.000,0.000,0.000,0.000,0.000,0.000,0.000,0.000,0.000,0.000,0.000,0.000,0.000,0.000,0.000,0.000,0.000,0.000,0.000,0.000,0.000,0.000,0.000,0.000,0.000,0.000,0.000,0.002,0.000,0.000,0.000,0.000,0.000,0.000,0.000,0.000,0.148,0.897,0.965,0.303,0.956,0.871,0.957,0.934,0.990,0.993,0.343,0.999,0.999,0.186,0.951,0.620,0.009,0.999,0.928,1.000,1.000,1.000,1.000,0.000,0.000,0.000,0.004,0.000,0.000,0.000,0.387,0.586,0.478,0.547,0.866,0.894,0.620,0.874,0.986,0.739,0.978,0.698,0.989,0.713,0.564,0.914,0.562,0.915,0.805,0.759,0.962,0.998,0.999,0.999,0.996,0.980,0.995,1.000,1.000,1.000,0.985,1.000,0.999,1.000,0.000,0.000
10.80,  -17.34,-5538.96, -148.58,0.002,0.001,0.000,0.000,0.000,0.000,0.000,0.000,0.000,0.000,0.000,0.000,0.000,0.000,0.000,0.000,0.000,0.000,0.000,0.000,0.000,0.000,0.000,0.000,0.000,0.000,0.000,0.000,0.000,0.000,0.000,0.000,0.000,0.000,0.001,0.000,0.000,0.000,0.000,0.000,0.000,0.000,0.000,0.099,0.867,0.958,0.227,0.939,0.842,0.938,0.916,0.986,0.990,0.259,0.998,0.998,0.136,0.936,0.527,0.006,0.998,0.901,1.000,1.000,1.000,1.000,0.000,0.000,0.000,0.003,0.000,0.000,0.000,0.285,0.491,0.400,0.456,0.824,0.857,0.528,0.824,0.979,0.663,0.968,0.612,0.984,0.625,0.468,0.881,0.463,0.876,0.735,0.677,0.941,0.998,0.998,0.999,0.994,0.970,0.993,1.000,1.000,1.000,0.978,1.000,0.999,1.000,0.000,0.000
11.00,  -19.15,-5527.23, -141.76,0.001,0.001,0.000,0.000,0.000,0.000,0.000,0.000,0.000,0.000,0.000,0.000,0.000,0.000,0.000,0.000,0.000,0.000,0.000,0.000,0.000,0.000,0.000,0.000,0.000,0.000,0.000,0.000,0.000,0.000,0.000,0.000,0.000,0.000,0.001,0.000,0.000,0.000,0.000,0.000,0.000,0.000,0.000,0.065,0.830,0.950,0.167,0.915,0.803,0.912,0.892,0.979,0.985,0.190,0.998,0.997,0.098,0.919,0.436,0.004,0.997,0.865,1.000,1.000,1.000,1.000,0.000,0.000,0.000,0.002,0.000,0.000,0.000,0.201,0.396,0.325,0.367,0.769,0.809,0.434,0.759,0.970,0.579,0.954,0.521,0.977,0.529,0.375,0.838,0.366,0.821,0.651,0.583,0.909,0.997,0.997,0.998,0.991,0.955,0.990,1.000,1.000,1.000,0.968,1.000,0.998,1.000,0.000,0.000
11.20,  -21.02,-5516.00, -134.80,0.001,0.001,0.000,0.000,0.000,0.000,0.000,0.000,0.000,0.000,0.000,0.000,0.000,0.000,0.000,0.000,0.000,0.000,0.000,0.000,0.000,0.000,0.000,0.000,0.000,0.000,0.000,0.000,0.000,0.000,0.000,0.000,0.000,0.000,0.001,0.000,0.000,0.000,0.000,0.000,0.000,0.000,0.000,0.042,0.786,0.941,0.120,0.885,0.756,0.876,0.864,0.970,0.979,0.136,0.997,0.996,0.070,0.898,0.352,0.002,0.996,0.819,1.000,1.000,1.000,1.000,0.000,0.000,0.000,0.002,0.000,0.000,0.000,0.137,0.309,0.262,0.287,0.703,0.751,0.345,0.681,0.958,0.492,0.935,0.431,0.968,0.430,0.290,0.783,0.279,0.750,0.557,0.484,0.863,0.995,0.996,0.997,0.987,0.933,0.985,1.000,1.000,1.000,0.954,1.000,0.997,1.000,0.000,0.000
11.40,  -22.92,-5505.29, -127.79,0.000,0.000,0.000,0.000,0.000,0.000,0.000,0.000,0.000,0.000,0.000,0.000,0.000,0.000,0.000,0.000,0.000,0.000,0.000,0.000,0.000,0.000,0.000,0.000,0.000,0.000,0.000,0.000,0.000,0.000,0.000,0.000,0.000,0.000,0.000,0.000,0.000,0.000,0.000,0.000,0.000,0.000,0.000,0.027,0.732,0.932,0.086,0.846,0.702,0.831,0.828,0.957,0.971,0.096,0.995,0.995,0.049,0.872,0.279,0.001,0.995,0.763,1.000,1.000,1.000,1.000,0.000,0.000,0.000,0.001,0.000,0.000,0.000,0.091,0.235,0.209,0.218,0.626,0.683,0.266,0.590,0.943,0.408,0.909,0.348,0.956,0.338,0.218,0.716,0.207,0.663,0.458,0.387,0.799,0.993,0.994,0.996,0.982,0.901,0.979,1.000,1.000,1.000,0.932,1.000,0.995,1.000,0.000,0.000
11.60,  -24.89,-5495.11, -120.79,0.000,0.000,0.000,0.000,0.000,0.000,0.000,0.000,0.000,0.000,0.000,0.000,0.000,0.000,0.000,0.000,0.000,0.000,0.000,0.000,0.000,0.000,0.000,0.000,0.000,0.000,0.000,0.000,0.000,0.000,0.000,0.000,0.000,0.000,0.000,0.000,0.000,0.000,0.000,0.000,0.000,0.000,0.000,0.017,0.665,0.918,0.061,0.795,0.633,0.772,0.782,0.940,0.960,0.066,0.993,0.992,0.034,0.839,0.220,0.001,0.994,0.695,1.000,1.000,1.000,1.000,0.000,0.000,0.000,0.001,0.000,0.000,0.000,0.059,0.173,0.162,0.160,0.536,0.604,0.198,0.492,0.921,0.329,0.874,0.274,0.940,0.255,0.160,0.636,0.150,0.563,0.361,0.299,0.715,0.990,0.991,0.994,0.974,0.857,0.970,1.000,1.000,1.000,0.901,1.000,0.993,1.000,0.000,0.000
11.80,  -26.80,-5485.47, -113.83,0.000,0.000,0.000,0.000,0.000,0.000,0.000,0.000,0.000,0.000,0.000,0.000,0.000,0.000,0.000,0.000,0.000,0.000,0.000,0.000,0.000,0.000,0.000,0.000,0.000,0.000,0.000,0.000,0.000,0.000,0.000,0.000,0.000,0.000,0.000,0.000,0.000,0.000,0.000,0.000,0.000,0.000,0.000,0.011,0.589,0.905,0.043,0.735,0.565,0.704,0.728,0.916,0.944,0.045,0.990,0.989,0.024,0.798,0.173,0.001,0.991,0.620,1.000,1.000,1.000,1.000,0.000,0.000,0.000,0.001,0.000,0.000,0.000,0.038,0.127,0.128,0.117,0.449,0.522,0.145,0.396,0.895,0.261,0.830,0.215,0.919,0.188,0.115,0.546,0.107,0.458,0.274,0.225,0.613,0.985,0.987,0.992,0.963,0.797,0.957,1.000,0.999,1.000,0.858,1.000,0.990,1.000,0.000,0.000
12.00,  -28.69,-5476.34, -106.89,0.000,0.000,0.000,0.000,0.000,0.000,0.000,0.000,0.000,0.000,0.000,0.000,0.000,0.000,0.000,0.000,0.000,0.000,0.000,0.000,0.000,0.000,0.000,0.000,0.000,0.000,0.000,0.000,0.000,0.000,0.000,0.000,0.000,0.000,0.000,0.000,0.000,0.000,0.000,0.000,0.000,0.000,0.000,0.007,0.505,0.891,0.031,0.666,0.494,0.627,0.663,0.883,0.923,0.030,0.986,0.984,0.016,0.744,0.137,0.000,0.989,0.540,1.000,1.000,1.000,1.000,0.000,0.000,0.000,0.000,0.000,0.000,0.000,0.025,0.091,0.101,0.083,0.366,0.439,0.104,0.308,0.864,0.204,0.776,0.167,0.894,0.135,0.081,0.452,0.076,0.357,0.201,0.165,0.500,0.979,0.981,0.988,0.949,0.722,0.939,1.000,0.999,1.000,0.799,1.000,0.986,1.000,0.000,0.000
12.20,  -30.55,-5467.73,  -99.99,0.000,0.000,0.000,0.000,0.000,0.000,0.000,0.000,0.000,0.000,0.000,0.000,0.000,0.000,0.000,0.000,0.000,0.000,0.000,0.000,0.000,0.000,0.000,0.000,0.000,0.000,0.000,0.000,0.000,0.000,0.000,0.000,0.000,0.000,0.000,0.000,0.000,0.000,0.000,0.000,0.000,0.000,0.000,0.004,0.418,0.872,0.022,0.589,0.423,0.544,0.588,0.841,0.894,0.020,0.980,0.977,0.011,0.678,0.108,0.000,0.985,0.458,1.000,1.000,1.000,1.000,0.000,0.000,0.000,0.000,0.000,0.000,0.000,0.016,0.065,0.079,0.059,0.291,0.359,0.073,0.231,0.827,0.157,0.712,0.130,0.863,0.095,0.056,0.359,0.054,0.267,0.144,0.119,0.387,0.970,0.972,0.984,0.931,0.632,0.915,0.999,0.999,0.999,0.723,0.999,0.980,1.000,0.000,0.000
12.40,  -32.37,-5459.63,  -93.17,0.000,0.000,0.000,0.000,0.000,0.000,0.000,0.000,0.000,0.000,0.000,0.000,0.000,0.000,0.000,0.000,0.000,0.000,0.000,0.000,0.000,0.000,0.000,0.000,0.000,0.000,0.000,0.000,0.000,0.000,0.000,0.000,0.000,0.000,0.000,0.000,0.000,0.000,0.000,0.000,0.000,0.000,0.000,0.003,0.332,0.849,0.015,0.507,0.355,0.461,0.506,0.786,0.857,0.013,0.972,0.967,0.008,0.598,0.085,0.000,0.979,0.379,1.000,1.000,0.999,1.000,0.000,0.000,0.000,0.000,0.000,0.000,0.000,0.010,0.046,0.062,0.041,0.227,0.287,0.051,0.169,0.784,0.118,0.639,0.101,0.825,0.067,0.039,0.275,0.038,0.194,0.100,0.084,0.285,0.957,0.959,0.977,0.906,0.532,0.882,0.999,0.998,0.999,0.631,0.999,0.972,1.000,0.000,0.000
12.60,  -34.14,-5452.02,  -86.48,0.000,0.000,0.000,0.000,0.000,0.000,0.000,0.000,0.000,0.000,0.000,0.000,0.000,0.000,0.000,0.000,0.000,0.000,0.000,0.000,0.000,0.000,0.000,0.000,0.000,0.000,0.000,0.000,0.000,0.000,0.000,0.000,0.000,0.000,0.000,0.000,0.000,0.000,0.000,0.000,0.000,0.000,0.000,0.002,0.255,0.819,0.011,0.425,0.292,0.380,0.422,0.719,0.808,0.009,0.961,0.953,0.006,0.509,0.066,0.000,0.972,0.306,1.000,1.000,0.999,1.000,0.000,0.000,0.000,0.000,0.000,0.000,0.000,0.006,0.032,0.048,0.028,0.174,0.225,0.035,0.121,0.736,0.087,0.559,0.078,0.779,0.046,0.026,0.204,0.027,0.137,0.068,0.059,0.201,0.939,0.940,0.968,0.874,0.431,0.839,0.999,0.998,0.999,0.528,0.999,0.960,1.000,0.000,0.000
12.80,  -35.86,-5444.88,  -79.97,0.000,0.000,0.000,0.000,0.000,0.000,0.000,0.000,0.000,0.000,0.000,0.000,0.000,0.000,0.000,0.000,0.000,0.000,0.000,0.000,0.000,0.000,0.000,0.000,0.000,0.000,0.000,0.000,0.000,0.000,0.000,0.000,0.000,0.000,0.000,0.000,0.000,0.000,0.000,0.000,0.000,0.000,0.000,0.001,0.190,0.779,0.007,0.347,0.237,0.307,0.341,0.641,0.746,0.006,0.946,0.933,0.004,0.417,0.051,0.000,0.962,0.241,0.999,1.000,0.999,1.000,0.000,0.000,0.000,0.000,0.000,0.000,0.000,0.004,0.022,0.037,0.019,0.133,0.173,0.024,0.085,0.682,0.063,0.478,0.060,0.725,0.032,0.018,0.147,0.019,0.095,0.046,0.041,0.137,0.913,0.913,0.955,0.832,0.335,0.785,0.999,0.998,0.998,0.423,0.998,0.943,1.000,0.000,0.000
13.00,  -37.46,-5438.21,  -73.73,0.000,0.000,0.000,0.000,0.000,0.000,0.000,0.000,0.000,0.000,0.000,0.000,0.000,0.000,0.000,0.000,0.000,0.000,0.000,0.000,0.000,0.000,0.000,0.000,0.000,0.000,0.000,0.000,0.000,0.000,0.000,0.000,0.000,0.000,0.000,0.000,0.000,0.000,0.000,0.000,0.000,0.000,0.000,0.001,0.139,0.732,0.005,0.279,0.195,0.244,0.270,0.557,0.674,0.004,0.925,0.907,0.003,0.330,0.038,0.000,0.948,0.188,0.999,1.000,0.999,1.000,0.000,0.000,0.000,0.000,0.000,0.000,0.000,0.003,0.015,0.029,0.013,0.103,0.132,0.016,0.060,0.626,0.045,0.403,0.046,0.665,0.022,0.012,0.104,0.014,0.065,0.031,0.028,0.091,0.876,0.874,0.938,0.780,0.252,0.719,0.998,0.997,0.997,0.325,0.997,0.920,1.000,0.000,0.000
13.20,  -39.07,-5431.97,  -67.77,0.000,0.000,0.000,0.000,0.000,0.000,0.000,0.000,0.000,0.000,0.000,0.000,0.000,0.000,0.000,0.000,0.000,0.000,0.000,0.000,0.000,0.000,0.000,0.000,0.000,0.000,0.000,0.000,0.000,0.000,0.000,0.000,0.000,0.000,0.000,0.000,0.000,0.000,0.000,0.000,0.000,0.000,0.000,0.000,0.099,0.668,0.004,0.217,0.155,0.189,0.206,0.468,0.590,0.002,0.896,0.870,0.002,0.252,0.028,0.000,0.927,0.142,0.999,1.000,0.998,1.000,0.000,0.000,0.000,0.000,0.000,0.000,0.000,0.002,0.010,0.022,0.009,0.079,0.099,0.011,0.041,0.559,0.032,0.329,0.034,0.594,0.015,0.008,0.072,0.010,0.044,0.020,0.019,0.059,0.826,0.821,0.913,0.712,0.183,0.641,0.998,0.997,0.996,0.240,0.996,0.887,1.000,0.000,0.000
13.40,  -40.64,-5426.17,  -62.15,0.000,0.000,0.000,0.000,0.000,0.000,0.000,0.000,0.000,0.000,0.000,0.000,0.000,0.000,0.000,0.000,0.000,0.000,0.000,0.000,0.000,0.000,0.000,0.000,0.000,0.000,0.000,0.000,0.000,0.000,0.000,0.000,0.000,0.000,0.000,0.000,0.000,0.000,0.000,0.000,0.000,0.000,0.000,0.000,0.070,0.591,0.002,0.166,0.123,0.145,0.153,0.381,0.500,0.002,0.858,0.821,0.001,0.188,0.020,0.000,0.899,0.107,0.999,1.000,0.998,1.000,0.000,0.000,0.000,0.000,0.000,0.000,0.000,0.001,0.007,0.017,0.006,0.060,0.073,0.007,0.028,0.487,0.022,0.263,0.024,0.515,0.010,0.005,0.050,0.007,0.030,0.013,0.013,0.038,0.761,0.752,0.880,0.631,0.131,0.554,0.997,0.996,0.994,0.171,0.994,0.842,1.000,0.000,0.000
13.60,  -42.17,-5420.79,  -56.89,0.000,0.000,0.000,0.000,0.000,0.000,0.000,0.000,0.000,0.000,0.000,0.000,0.000,0.000,0.000,0.000,0.000,0.000,0.000,0.000,0.000,0.000,0.000,0.000,0.000,0.000,0.000,0.000,0.000,0.000,0.000,0.000,0.000,0.000,0.000,0.000,0.000,0.000,0.000,0.000,0.000,0.000,0.000,0.000,0.050,0.506,0.002,0.125,0.097,0.109,0.111,0.302,0.410,0.001,0.807,0.757,0.001,0.138,0.014,0.000,0.862,0.079,0.998,1.000,0.997,1.000,0.000,0.000,0.000,0.000,0.000,0.000,0.000,0.001,0.005,0.013,0.004,0.046,0.054,0.005,0.019,0.412,0.015,0.206,0.017,0.434,0.007,0.004,0.034,0.005,0.020,0.009,0.009,0.025,0.679,0.666,0.835,0.539,0.092,0.462,0.996,0.996,0.992,0.120,0.992,0.783,1.000,0.000,0.000
13.80,  -43.66,-5415.83,  -52.00,0.000,0.000,0.000,0.000,0.000,0.000,0.000,0.000,0.000,0.000,0.000,0.000,0.000,0.000,0.000,0.000,0.000,0.000,0.000,0.000,0.000,0.000,0.000,0.000,0.000,0.000,0.000,0.000,0.000,0.000,0.000,0.000,0.000,0.000,0.000,0.000,0.000,0.000,0.000,0.000,0.000,0.000,0.000,0.000,0.035,0.418,0.001,0.093,0.076,0.082,0.080,0.232,0.324,0.001,0.743,0.678,0.001,0.100,0.010,0.000,0.812,0.058,0.997,0.999,0.996,1.000,0.000,0.000,0.000,0.000,0.000,0.000,0.000,0.000,0.003,0.009,0.003,0.035,0.039,0.003,0.013,0.338,0.011,0.158,0.012,0.354,0.005,0.002,0.023,0.003,0.013,0.006,0.006,0.016,0.584,0.568,0.776,0.442,0.063,0.370,0.995,0.995,0.989,0.082,0.988,0.709,1.000,0.000,0.000
14.00,  -45.13,-5411.27,  -47.49,0.000,0.000,0.000,0.000,0.000,0.000,0.000,0.000,0.000,0.000,0.000,0.000,0.000,0.000,0.000,0.000,0.000,0.000,0.000,0.000,0.000,0.000,0.000,0.000,0.000,0.000,0.000,0.000,0.000,0.000,0.000,0.000,0.000,0.000,0.000,0.000,0.000,0.000,0.000,0.000,0.000,0.000,0.000,0.000,0.025,0.330,0.001,0.068,0.058,0.060,0.056,0.174,0.247,0.000,0.664,0.586,0.000,0.072,0.007,0.000,0.748,0.042,0.997,0.999,0.994,1.000,0.000,0.000,0.000,0.000,0.000,0.000,0.000,0.000,0.002,0.007,0.002,0.026,0.028,0.002,0.009,0.266,0.007,0.118,0.008,0.277,0.003,0.002,0.015,0.002,0.009,0.004,0.004,0.010,0.481,0.463,0.702,0.347,0.043,0.285,0.993,0.995,0.984,0.056,0.983,0.620,1.000,0.000,0.000
