pH,Total Charge,Electrostatic Energy,Relative Folding Energy,NTR_MODEL,A:LEU42_NTR,ASP_MODEL,A:ASP44,A:ASP46,GLU_MODEL,A:GLU45,A:GLU72,HIS_MODEL,A:HIS68,LYS_MODEL,A:LYS48,A:LYS65,A:LYS70,A:LYS71,A:LYS73,ARG_MODEL,A:ARG55,CTR_MODEL,A:PHE76_CTR
 0.00,    8.00, -885.06,  -11.29,1.000,1.000,1.000,0.999,1.000,1.000,1.000,1.000,1.000,1.000,1.000,1.000,1.000,1.000,1.000,1.000,1.000,1.000,1.000,1.000
 0.20,    8.00, -881.49,  -11.28,1.000,1.000,1.000,0.999,0.999,1.000,1.000,1.000,1.000,1.000,1.000,1.000,1.000,1.000,1.000,1.000,1.000,1.000,1.000,1.000
 0.40,    8.00, -877.93,  -11.29,1.000,1.000,0.999,0.998,0.999,1.000,1.000,1.000,1.000,1.000,1.000,1.000,1.000,1.000,1.000,1.000,1.000,1.000,0.999,1.000
 0.60,    8.00, -874.36,  -11.29,1.000,1.000,0.999,0.998,0.999,1.000,1.000,0.999,1.000,1.000,1.000,1.000,1.000,1.000,1.000,1.000,1.000,1.000,0.999,1.000
 0.80,    7.99, -870.80,  -11.29,1.000,1.000,0.999,0.996,0.998,1.000,0.999,0.999,1.000,1.000,1.000,1.000,1.000,1.000,1.000,1.000,1.000,1.000,0.999,0.999
 1.00,    7.99, -867.23,  -11.29,1.000,1.000,0.998,0.994,0.997,0.999,0.999,0.999,1.000,1.000,1.000,1.000,1.000,1.000,1.000,1.000,1.000,1.000,0.998,0.999
 1.20,    7.98, -863.67,  -11.29,1.000,1.000,0.997,0.990,0.995,0.999,0.999,0.998,1.000,1.000,1.000,1.000,1.000,1.000,1.000,1.000,1.000,1.000,0.997,0.999
 1.40,    7.97, -860.11,  -11.29,1.000,1.000,0.995,0.985,0.992,0.999,0.998,0.997,1.000,1.000,1.000,1.000,1.000,1.000,1.000,1.000,1.000,1.000,0.995,0.998
 1.60,    7.95, -856.56,  -11.30,1.000,1.000,0.992,0.976,0.987,0.998,0.997,0.995,1.000,1.000,1.000,1.000,1.000,1.000,1.000,1.000,1.000,1.000,0.992,0.997
 1.80,    7.92, -853.01,  -11.31,1.000,1.000,0.987,0.963,0.980,0.996,0.995,0.991,1.000,1.000,1.000,1.000,1.000,1.000,1.000,1.000,1.000,1.000,0.987,0.995
 2.00,    7.88, -849.47,  -11.32,1.000,1.000,0.979,0.943,0.969,0.994,0.992,0.987,1.000,1.000,1.000,1.000,1.000,1.000,1.000,1.000,1.000,1.000,0.979,0.992
 2.20,    7.82, -845.94,  -11.33,1.000,1.000,0.967,0.914,0.952,0.991,0.987,0.979,1.000,1.000,1.000,1.000,1.000,1.000,1.000,1.000,1.000,1.000,0.967,0.987
 2.40,    7.73, -842.44,  -11.36,1.000,1.000,0.949,0.871,0.928,0.986,0.981,0.967,1.000,1.000,1.000,1.000,1.000,1.000,1.000,1.000,1.000,1.000,0.949,0.980
 2.60,    7.59, -838.96,  -11.38,1.000,1.000,0.922,0.813,0.893,0.978,0.971,0.949,1.000,1.000,1.000,1.000,1.000,1.000,1.000,1.000,1.000,1.000,0.922,0.970
 2.80,    7.41, -835.53,  -11.42,1.000,1.000,0.881,0.737,0.844,0.966,0.957,0.922,1.000,1.000,1.000,1.000,1.000,1.000,1.000,1.000,1.000,1.000,0.881,0.954
 3.00,    7.18, -832.16,  -11.47,1.000,1.000,0.824,0.646,0.781,0.947,0.938,0.884,1.000,0.999,1.000,1.000,1.000,1.000,1.000,1.000,1.000,1.000,0.824,0.931
 3.20,    6.89, -828.86,  -11.52,1.000,1.000,0.747,0.545,0.702,0.918,0.912,0.830,1.000,0.999,1.000,1.000,1.000,1.000,1.000,1.000,1.000,1.000,0.747,0.898
 3.40,    6.54, -825.64,  -11.56,1.000,1.000,0.651,0.443,0.612,0.876,0.877,0.758,0.999,0.999,1.000,1.000,1.000,1.000,1.000,1.000,1.000,1.000,0.651,0.853
 3.60,    6.15, -822.53,  -11.60,1.000,1.000,0.540,0.348,0.515,0.817,0.831,0.669,0.999,0.998,1.000,1.000,1.000,1.000,1.000,1.000,1.000,1.000,0.540,0.793
 3.80,    5.74, -819.53,  -11.62,1.000,1.000,0.426,0.265,0.418,0.738,0.772,0.567,0.998,0.997,1.000,1.000,1.000,1.000,1.000,1.000,1.000,1.000,0.426,0.718
 4.00,    5.31, -816.64,  -11.61,1.000,1.000,0.319,0.197,0.328,0.640,0.699,0.459,0.997,0.996,1.000,1.000,1.000,1.000,1.000,1.000,1.000,1.000,0.319,0.627
 4.20,    4.88, -813.87,  -11.58,1.000,1.000,0.228,0.144,0.250,0.529,0.611,0.355,0.995,0.995,1.000,1.000,1.000,1.000,1.000,1.000,1.000,1.000,0.228,0.526
 4.40,    4.48, -811.21,  -11.53,1.000,1.000,0.157,0.103,0.185,0.415,0.512,0.264,0.993,0.993,1.000,1.000,1.000,1.000,1.000,1.000,1.000,1.000,0.157,0.421
 4.60,    4.12, -808.66,  -11.48,1.000,1.000,0.105,0.073,0.134,0.309,0.410,0.189,0.989,0.990,1.000,1.000,1.000,1.000,1.000,1.000,1.000,1.000,0.105,0.322
 4.80,    3.81, -806.20,  -11.43,0.999,1.000,0.069,0.050,0.095,0.220,0.312,0.131,0.982,0.986,1.000,1.000,1.000,1.000,1.000,1.000,1.000,1.000,0.069,0.236
 5.00,    3.56, -803.82,  -11.38,0.999,1.000,0.045,0.034,0.065,0.151,0.228,0.089,0.972,0.979,1.000,1.000,1.000,1.000,1.000,1.000,1.000,1.000,0.045,0.166
 5.20,    3.37, -801.50,  -11.35,0.998,1.000,0.029,0.023,0.044,0.101,0.160,0.059,0.956,0.968,1.000,1.000,1.000,1.000,1.000,1.000,1.000,1.000,0.029,0.113
 5.40,    3.22, -799.22,  -11.31,0.997,1.000,0.018,0.015,0.029,0.066,0.108,0.039,0.932,0.952,1.000,1.000,1.000,1.000,1.000,1.000,1.000,1.000,0.018,0.075
 5.60,    3.10, -796.99,  -11.29,0.996,0.999,0.012,0.010,0.019,0.043,0.072,0.026,0.897,0.927,1.000,1.000,1.000,1.000,1.000,1.000,1.000,1.000,0.012,0.050
 5.80,    3.00, -794.78,  -11.27,0.994,0.999,0.007,0.006,0.012,0.027,0.047,0.017,0.846,0.890,1.000,1.000,1.000,1.000,1.000,1.000,1.000,1.000,0.007,0.032
 6.00,    2.91, -792.59,  -11.24,0.990,0.999,0.005,0.004,0.008,0.017,0.030,0.012,0.776,0.838,1.000,1.000,1.000,1.000,1.000,1.000,1.000,1.000,0.005,0.021
 6.20,    2.81, -790.44,  -11.22,0.984,0.998,0.003,0.003,0.005,0.011,0.019,0.008,0.686,0.766,1.000,1.000,1.000,1.000,1.000,1.000,1.000,1.000,0.003,0.013
 6.40,    2.70, -788.31,  -11.18,0.975,0.997,0.002,0.002,0.003,0.007,0.012,0.006,0.580,0.675,1.000,1.000,1.000,1.000,1.000,1.000,1.000,1.000,0.002,0.009
 6.60,    2.58, -786.21,  -11.14,0.962,0.995,0.001,0.001,0.002,0.004,0.008,0.004,0.466,0.568,1.000,1.000,1.000,1.000,1.000,1.000,1.000,1.000,0.001,0.006
 6.80,    2.46, -784.15,  -11.10,0.941,0.992,0.001,0.001,0.001,0.003,0.005,0.003,0.355,0.454,1.000,1.000,1.000,1.000,1.000,1.000,1.000,1.000,0.001,0.004
 7.00,    2.34, -782.12,  -11.06,0.909,0.988,0.000,0.000,0.001,0.002,0.003,0.002,0.257,0.344,1.000,1.000,0.999,1.000,1.000,1.000,1.000,1.000,0.000,0.002
 7.20,    2.23, -780.12,  -11.01,0.863,0.981,0.000,0.000,0.001,0.001,0.002,0.001,0.180,0.249,0.999,1.000,0.999,1.000,0.999,1.000,1.000,1.000,0.000,0.001
 7.40,    2.14, -778.15,  -10.95,0.799,0.970,0.000,0.000,0.000,0.001,0.001,0.001,0.121,0.173,0.999,1.000,0.999,1.000,0.999,1.000,1.000,1.000,0.000,0.001
 7.60,    2.07, -776.20,  -10.88,0.715,0.954,0.000,0.000,0.000,0.000,0.001,0.001,0.080,0.117,0.998,0.999,0.998,1.000,0.999,0.999,1.000,1.000,0.000,0.001
 7.80,    2.00, -774.27,  -10.80,0.613,0.930,0.000,0.000,0.000,0.000,0.001,0.000,0.052,0.077,0.997,0.999,0.997,1.000,0.998,0.999,1.000,1.000,0.000,0.000
 8.00,    1.93, -772.35,  -10.68,0.500,0.893,0.000,0.000,0.000,0.000,0.000,0.000,0.034,0.050,0.996,0.998,0.995,1.000,0.997,0.998,1.000,1.000,0.000,0.000
 8.20,    1.86, -770.46,  -10.56,0.387,0.841,0.000,0.000,0.000,0.000,0.000,0.000,0.021,0.033,0.994,0.997,0.993,1.000,0.995,0.998,1.000,1.000,0.000,0.000
 8.40,    1.76, -768.59,  -10.42,0.285,0.769,0.000,0.000,0.000,0.000,0.000,0.000,0.014,0.021,0.990,0.996,0.989,1.000,0.993,0.996,1.000,1.000,0.000,0.000
 8.60,    1.65, -766.75,  -10.28,0.201,0.678,0.000,0.000,0.000,0.000,0.000,0.000,0.009,0.014,0.984,0.993,0.983,1.000,0.989,0.994,1.000,1.000,0.000,0.000
 8.80,    1.52, -764.95,  -10.15,0.137,0.571,0.000,0.000,0.000,0.000,0.000,0.000,0.005,0.009,0.975,0.989,0.973,1.000,0.982,0.991,0.999,1.000,0.000,0.000
 9.00,    1.36, -763.18,  -10.01,0.091,0.458,0.000,0.000,0.000,0.000,0.000,0.000,0.003,0.006,0.962,0.983,0.959,1.000,0.973,0.986,0.999,1.000,0.000,0.000
 9.20,    1.20, -761.46,   -9.89,0.059,0.349,0.000,0.000,0.000,0.000,0.000,0.000,0.002,0.004,0.941,0.974,0.937,0.999,0.958,0.978,0.998,1.000,0.000,0.000
 9.40,    1.02, -759.78,   -9.77,0.038,0.254,0.000,0.000,0.000,0.000,0.000,0.000,0.001,0.002,0.909,0.960,0.904,0.999,0.937,0.967,0.997,1.000,0.000,0.000
 9.60,    0.83, -758.15,   -9.64,0.025,0.178,0.000,0.000,0.000,0.000,0.000,0.000,0.001,0.002,0.863,0.939,0.858,0.999,0.904,0.949,0.996,1.000,0.000,0.000
 9.80,    0.61, -756.59,   -9.50,0.016,0.122,0.000,0.000,0.000,0.000,0.000,0.000,0.001,0.001,0.799,0.908,0.795,0.998,0.859,0.924,0.994,1.000,0.000,0.000
10.00,    0.34, -755.08,   -9.30,0.010,0.082,0.000,0.000,0.000,0.000,0.000,0.000,0.000,0.001,0.715,0.864,0.714,0.997,0.796,0.889,0.990,1.000,0.000,0.000
10.20,    0.03, -753.66,   -9.07,0.006,0.055,0.000,0.000,0.000,0.000,0.000,0.000,0.000,0.001,0.613,0.803,0.617,0.996,0.716,0.841,0.984,1.000,0.000,0.000
10.40,   -0.34, -752.33,   -8.77,0.004,0.037,0.000,0.000,0.000,0.000,0.000,0.000,0.000,0.000,0.500,0.723,0.512,0.994,0.619,0.777,0.975,1.000,0.000,0.000
10.60,   -0.74, -751.11,   -8.43,0.003,0.024,0.000,0.000,0.000,0.000,0.000,0.000,0.000,0.000,0.387,0.628,0.407,0.991,0.513,0.699,0.962,1.000,0.000,0.000
10.80,   -1.15, -750.00,   -8.04,0.002,0.016,0.000,0.000,0.000,0.000,0.000,0.000,0.000,0.000,0.285,0.521,0.311,0.986,0.406,0.606,0.941,1.000,0.000,0.000
11.00,   -1.56, -749.00,   -7.63,0.001,0.011,0.000,0.000,0.000,0.000,0.000,0.000,0.000,0.000,0.201,0.412,0.229,0.980,0.307,0.504,0.909,1.000,0.000,0.000
11.20,   -1.92, -748.10,   -7.20,0.001,0.007,0.000,0.000,0.000,0.000,0.000,0.000,0.000,0.000,0.137,0.311,0.163,0.970,0.223,0.401,0.863,1.000,0.000,0.000
11.40,   -2.24, -747.30,   -6.78,0.000,0.005,0.000,0.000,0.000,0.000,0.000,0.000,0.000,0.000,0.091,0.225,0.113,0.956,0.157,0.304,0.799,1.000,0.000,0.000
11.60,   -2.50, -746.58,   -6.38,0.000,0.003,0.000,0.000,0.000,0.000,0.000,0.000,0.000,0.000,0.059,0.157,0.077,0.934,0.107,0.221,0.715,1.000,0.000,0.000
11.80,   -2.71, -745.92,   -5.96,0.000,0.002,0.000,0.000,0.000,0.000,0.000,0.000,0.000,0.000,0.038,0.106,0.051,0.902,0.072,0.155,0.613,1.000,0.000,0.000
12.00,   -2.89, -745.32,   -5.56,0.000,0.001,0.000,0.000,0.000,0.000,0.000,0.000,0.000,0.000,0.025,0.071,0.034,0.856,0.048,0.105,0.500,0.999,0.000,0.000
12.20,   -3.04, -744.76,   -5.15,0.000,0.001,0.000,0.000,0.000,0.000,0.000,0.000,0.000,0.000,0.016,0.046,0.022,0.792,0.031,0.070,0.387,0.999,0.000,0.000
12.40,   -3.18, -744.24,   -4.74,0.000,0.001,0.000,0.000,0.000,0.000,0.000,0.000,0.000,0.000,0.010,0.030,0.014,0.708,0.020,0.047,0.285,0.998,0.000,0.000
12.60,   -3.32, -743.76,   -4.34,0.000,0.000,0.000,0.000,0.000,0.000,0.000,0.000,0.000,0.000,0.006,0.019,0.009,0.606,0.013,0.031,0.201,0.998,0.000,0.000
12.80,   -3.46, -743.32,   -3.95,0.000,0.000,0.000,0.000,0.000,0.000,0.000,0.000,0.000,0.000,0.004,0.012,0.006,0.494,0.009,0.020,0.137,0.997,0.000,0.000
13.00,   -3.59, -742.92,   -3.59,0.000,0.000,0.000,0.000,0.000,0.000,0.000,0.000,0.000,0.000,0.003,0.008,0.004,0.382,0.006,0.013,0.091,0.995,0.000,0.000
13.20,   -3.71, -742.55,   -3.24,0.000,0.000,0.000,0.000,0.000,0.000,0.000,0.000,0.000,0.000,0.002,0.005,0.002,0.281,0.004,0.008,0.059,0.993,0.000,0.000
13.40,   -3.80, -742.20,   -2.90,0.000,0.000,0.000,0.000,0.000,0.000,0.000,0.000,0.000,0.000,0.001,0.003,0.002,0.199,0.002,0.005,0.038,0.989,0.000,0.000
13.60,   -3.87, -741.89,   -2.60,0.000,0.000,0.000,0.000,0.000,0.000,0.000,0.000,0.000,0.000,0.001,0.002,0.001,0.136,0.002,0.003,0.025,0.984,0.000,0.000
13.80,   -3.93, -741.58,   -2.30,0.000,0.000,0.000,0.000,0.000,0.000,0.000,0.000,0.000,0.000,0.000,0.001,0.001,0.091,0.001,0.002,0.016,0.976,0.000,0.000
14.00,   -3.97, -741.30,   -2.02,0.000,0.000,0.000,0.000,0.000,0.000,0.000,0.000,0.000,0.000,0.000,0.001,0.000,0.060,0.001,0.001,0.010,0.963,0.000,0.000
